sid,st,audit_verdict,audit_reason,gene,Submitter,ClinicalSignificance,SCV,VariationID,claim,denial,prediction,lit_absence,text
Q001,A_keyword,AMBIGUOUS,Ambry 'and/or' boilerplate - undecidable whether functional data were used; 19 of the 45 in this stratum,LZTR1,Ambry Genetics,Likely benign,SCV002689928.2,1770567,False,False,True,False,"This alteration is classified as likely benign based on a combination of the following: seen in unaffected individuals, population frequency, intact protein function, lack of segregation with disease, co-occurrence, RNA analysis, in silico models, amino acid conservation, lack of disease association in case-control studies, and/or the mechanism of disease or impacted region is inconsistent with a known cause of pathogenicity."
Q002,A_keyword,AMBIGUOUS,Ambry 'and/or' boilerplate - undecidable whether functional data were used; 19 of the 45 in this stratum,MAP2K2,Ambry Genetics,Likely benign,SCV002627335.2,46235,False,False,True,False,"This alteration is classified as likely benign based on a combination of the following: seen in unaffected individuals, population frequency, intact protein function, lack of segregation with disease, co-occurrence, RNA analysis, in silico models, amino acid conservation, lack of disease association in case-control studies, and/or the mechanism of disease or impacted region is inconsistent with a known cause of pathogenicity."
Q003,A_keyword,CORRECT_NEITHER,"Invitae Evidence Modeling / Advanced modeling - vendor model, correctly carved out",RAF1,"Labcorp Genetics (formerly Invitae), Labcorp",Uncertain significance,SCV001221915.7,197747,False,False,False,True,"This sequence change replaces phenylalanine, which is neutral and non-polar, with leucine, which is neutral and non-polar, at codon 146 of the RAF1 protein (p.Phe146Leu). This variant is not present in population databases (gnomAD no frequency). This variant has not been reported in the literature in individuals affected with RAF1-related conditions. ClinVar contains an entry for this variant (Variation ID: 197747). Invitae Evidence Modeling incorporating data from in vitro experimental studies (internal data) indicates that this missense variant is expected to disrupt RAF1 function with a positive predictive value of 95%. In summary, the available evidence is currently insufficient to determine the role of this variant in disease. Therefore, it has been classified as a Variant of Uncertain Significance."
Q004,A_keyword,CORRECT_NEITHER,"Invitae Evidence Modeling / Advanced modeling - vendor model, correctly carved out",SOS1,"Labcorp Genetics (formerly Invitae), Labcorp",Uncertain significance,SCV001532207.6,290125,False,False,True,True,"This sequence change replaces aspartic acid, which is acidic and polar, with histidine, which is basic and polar, at codon 910 of the SOS1 protein (p.Asp910His). This variant is present in population databases (rs369277679, gnomAD 0.01%). This variant has not been reported in the literature in individuals affected with SOS1-related conditions. ClinVar contains an entry for this variant (Variation ID: 290125). Invitae Evidence Modeling of protein sequence and biophysical properties (such as structural, functional, and spatial information, amino acid conservation, physicochemical variation, residue mobility, and thermodynamic stability) indicates that this missense variant is expected to disrupt SOS1 protein function with a positive predictive value of 80%. In summary, the available evidence is currently insufficient to determine the role of this variant in disease. Therefore, it has been classified as a Variant of Uncertain Significance."
Q005,A_keyword,CORRECT_NEITHER,"Invitae Evidence Modeling / Advanced modeling - vendor model, correctly carved out",MAP2K2,"Labcorp Genetics (formerly Invitae), Labcorp",Uncertain significance,SCV005825398.2,3713824,False,False,False,True,"This sequence change replaces threonine, which is neutral and polar, with serine, which is neutral and polar, at codon 13 of the MAP2K2 protein (p.Thr13Ser). This variant is not present in population databases (gnomAD no frequency). This variant has not been reported in the literature in individuals affected with MAP2K2-related conditions. Advanced modeling of protein sequence and biophysical properties (such as structural, functional, and spatial information, amino acid conservation, physicochemical variation, residue mobility, and thermodynamic stability) has been performed at Invitae for this missense variant, however the output from this modeling did not meet the statistical confidence thresholds required to predict the impact of this variant on MAP2K2 protein function. In summary, the available evidence is currently insufficient to determine the role of this variant in disease. Therefore, it has been classified as a Variant of Uncertain Significance."
Q006,A_keyword,CORRECT_NEITHER_BY_ACCIDENT,"assay is on ANOTHER variant at the same codon (p.Arg552Gly) - right answer, but only because 'showed' is missing from the verb list; fix the verb and this becomes a false positive",SOS1,"Laboratory for Molecular Medicine, Mass General Brigham Personalized Medicine",Pathogenic,SCV000062201.6,40682,False,False,True,False,"The p.Arg552Thr variant in SOS1 has been identified in at least 5 individuals wi th clinical features of Noonan syndrome (Beneteau 2009, Lepri 2011, LMM unpublis hed data) and was absent from large population studies. Arginine (Arg) at positi on 552 is highly conserved in mammals, and evolutionarily distant species and ot her computational prediction tools suggest that this variant may impact the prot ein. Furthermore, several other amino acid changes at this position have been id entified in individuals with Noonan syndrome (p.Arg552Ser, p.Arg552Lys, p.Arg552 Met, p.Arg552Gly; Beneteau 2009, Lepri 2011), many of which occurred de novo, an d functional studies showed that another variant at the same position (p.Arg552G ly) caused increased and prolonged RAS activation (Tartaglia 2007). In summary, this variant meets our criteria to be classified as pathogenic for Noonan syndro me in an autosomal dominant manner based upon absence from controls and supporti ng functional evidence."
Q007,A_keyword,AMBIGUOUS,Ambry 'and/or' boilerplate - undecidable whether functional data were used; 19 of the 45 in this stratum,PTPN11,Ambry Genetics,Likely benign,SCV005922152.1,477668,False,False,True,False,"This alteration is classified as likely benign based on a combination of the following: seen in unaffected individuals, population frequency, intact protein function, lack of segregation with disease, co-occurrence, RNA analysis, in silico models, amino acid conservation, lack of disease association in case-control studies, and/or the mechanism of disease or impacted region is inconsistent with a known cause of pathogenicity."
Q008,A_keyword,AMBIGUOUS,Ambry 'and/or' boilerplate - undecidable whether functional data were used; 19 of the 45 in this stratum,LZTR1,Ambry Genetics,Likely benign,SCV005047327.1,3238099,False,False,True,False,"This alteration is classified as likely benign based on a combination of the following: seen in unaffected individuals, population frequency, intact protein function, lack of segregation with disease, co-occurrence, RNA analysis, in silico models, amino acid conservation, lack of disease association in case-control studies, and/or the mechanism of disease or impacted region is inconsistent with a known cause of pathogenicity."
Q009,A_keyword,CORRECT_NEITHER,"Invitae Evidence Modeling / Advanced modeling - vendor model, correctly carved out",RIT1,"Labcorp Genetics (formerly Invitae), Labcorp",Uncertain significance,SCV002595771.5,1716008,False,False,False,True,"This sequence change replaces lysine, which is basic and polar, with glutamine, which is neutral and polar, at codon 187 of the RIT1 protein (p.Lys187Gln). This variant is not present in population databases (gnomAD no frequency). This variant has not been reported in the literature in individuals affected with RIT1-related conditions. ClinVar contains an entry for this variant (Variation ID: 1716008). Invitae Evidence Modeling incorporating data from in vitro experimental studies (internal data) indicates that this missense variant is not expected to disrupt RIT1 function with a negative predictive value of 95%. In summary, the available evidence is currently insufficient to determine the role of this variant in disease. Therefore, it has been classified as a Variant of Uncertain Significance."
Q010,A_keyword,CORRECT_NEITHER,"Invitae Evidence Modeling / Advanced modeling - vendor model, correctly carved out",SOS1,"Labcorp Genetics (formerly Invitae), Labcorp",Uncertain significance,SCV004406880.3,2811691,False,False,False,True,"In summary, the available evidence is currently insufficient to determine the role of this variant in disease. Therefore, it has been classified as a Variant of Uncertain Significance. Advanced modeling of protein sequence and biophysical properties (such as structural, functional, and spatial information, amino acid conservation, physicochemical variation, residue mobility, and thermodynamic stability) has been performed at Invitae for this missense variant, however the output from this modeling did not meet the statistical confidence thresholds required to predict the impact of this variant on SOS1 protein function. This variant has not been reported in the literature in individuals affected with SOS1-related conditions. This variant is not present in population databases (gnomAD no frequency). This sequence change replaces phenylalanine, which is neutral and non-polar, with leucine, which is neutral and non-polar, at codon 514 of the SOS1 protein (p.Phe514Leu)."
Q011,A_keyword,AMBIGUOUS,Ambry 'and/or' boilerplate - undecidable whether functional data were used; 19 of the 45 in this stratum,MAP2K2,Ambry Genetics,Likely benign,SCV003995300.2,50940,False,False,True,False,"This alteration is classified as likely benign based on a combination of the following: seen in unaffected individuals, population frequency, intact protein function, lack of segregation with disease, co-occurrence, RNA analysis, in silico models, amino acid conservation, lack of disease association in case-control studies, and/or the mechanism of disease or impacted region is inconsistent with a known cause of pathogenicity."
Q012,A_keyword,AMBIGUOUS,Ambry 'and/or' boilerplate - undecidable whether functional data were used; 19 of the 45 in this stratum,SOS2,Ambry Genetics,Likely benign,SCV002613504.2,1733709,False,False,True,False,"This alteration is classified as likely benign based on a combination of the following: seen in unaffected individuals, population frequency, intact protein function, lack of segregation with disease, co-occurrence, RNA analysis, in silico models, amino acid conservation, lack of disease association in case-control studies, and/or the mechanism of disease or impacted region is inconsistent with a known cause of pathogenicity."
Q013,A_keyword,AMBIGUOUS,Ambry 'and/or' boilerplate - undecidable whether functional data were used; 19 of the 45 in this stratum,SOS1,Ambry Genetics,Likely benign,SCV003863130.2,516684,False,False,True,False,"This alteration is classified as likely benign based on a combination of the following: seen in unaffected individuals, population frequency, intact protein function, lack of segregation with disease, co-occurrence, RNA analysis, in silico models, amino acid conservation, lack of disease association in case-control studies, and/or the mechanism of disease or impacted region is inconsistent with a known cause of pathogenicity."
Q014,A_keyword,AMBIGUOUS,Ambry 'and/or' boilerplate - undecidable whether functional data were used; 19 of the 45 in this stratum,SOS1,Ambry Genetics,Likely benign,SCV005506119.1,3447324,False,False,True,False,"This alteration is classified as likely benign based on a combination of the following: seen in unaffected individuals, population frequency, intact protein function, lack of segregation with disease, co-occurrence, RNA analysis, in silico models, amino acid conservation, lack of disease association in case-control studies, and/or the mechanism of disease or impacted region is inconsistent with a known cause of pathogenicity."
Q015,A_keyword,AMBIGUOUS,Ambry 'and/or' boilerplate - undecidable whether functional data were used; 19 of the 45 in this stratum,SOS1,Ambry Genetics,Likely benign,SCV002746253.2,45354,False,False,True,False,"This alteration is classified as likely benign based on a combination of the following: seen in unaffected individuals, population frequency, intact protein function, lack of segregation with disease, co-occurrence, RNA analysis, in silico models, amino acid conservation, lack of disease association in case-control studies, and/or the mechanism of disease or impacted region is inconsistent with a known cause of pathogenicity."
Q016,A_keyword,CORRECT_NEITHER,"Invitae Evidence Modeling / Advanced modeling - vendor model, correctly carved out",RAF1,"Labcorp Genetics (formerly Invitae), Labcorp",Uncertain significance,SCV000960362.6,179378,False,False,True,True,"This sequence change replaces arginine, which is basic and polar, with glutamine, which is neutral and polar, at codon 563 of the RAF1 protein (p.Arg563Gln). This variant is present in population databases (rs727504827, gnomAD 0.007%). This variant has not been reported in the literature in individuals affected with RAF1-related conditions. ClinVar contains an entry for this variant (Variation ID: 179378). Invitae Evidence Modeling of protein sequence and biophysical properties (such as structural, functional, and spatial information, amino acid conservation, physicochemical variation, residue mobility, and thermodynamic stability) indicates that this missense variant is expected to disrupt RAF1 protein function with a positive predictive value of 95%. In summary, the available evidence is currently insufficient to determine the role of this variant in disease. Therefore, it has been classified as a Variant of Uncertain Significance."
Q017,A_keyword,AMBIGUOUS,Ambry 'and/or' boilerplate - undecidable whether functional data were used; 19 of the 45 in this stratum,MAP2K2,Ambry Genetics,Likely benign,SCV002724141.2,138162,False,False,True,False,"This alteration is classified as likely benign based on a combination of the following: seen in unaffected individuals, population frequency, intact protein function, lack of segregation with disease, co-occurrence, RNA analysis, in silico models, amino acid conservation, lack of disease association in case-control studies, and/or the mechanism of disease or impacted region is inconsistent with a known cause of pathogenicity."
Q018,A_keyword,CORRECT_NEITHER,"Invitae Evidence Modeling / Advanced modeling - vendor model, correctly carved out",LZTR1,"Labcorp Genetics (formerly Invitae), Labcorp",Uncertain significance,SCV007367321.1,1785875,False,False,False,True,"This sequence change replaces threonine, which is neutral and polar, with arginine, which is basic and polar, at codon 7 of the LZTR1 protein (p.Thr7Arg). This variant is not present in population databases (gnomAD no frequency). This variant has not been reported in the literature in individuals affected with LZTR1-related conditions. ClinVar contains an entry for this variant (Variation ID: 1785875). Invitae Evidence Modeling of protein sequence and biophysical properties (such as structural, functional, and spatial information, amino acid conservation, physicochemical variation, residue mobility, and thermodynamic stability) has been performed for this missense variant. However, the output from this modeling did not meet the statistical confidence thresholds required to predict the impact of this variant on LZTR1 protein function. In summary, the available evidence is currently insufficient to determine the role of this variant in disease. Therefore, it has been classified as a Variant of Uncertain Significance."
Q019,A_keyword,AMBIGUOUS,Ambry 'and/or' boilerplate - undecidable whether functional data were used; 19 of the 45 in this stratum,SOS1,Ambry Genetics,Likely benign,SCV006431927.1,4171994,False,False,True,False,"This alteration is classified as likely benign based on a combination of the following: seen in unaffected individuals, population frequency, intact protein function, lack of segregation with disease, co-occurrence, RNA analysis, in silico models, amino acid conservation, lack of disease association in case-control studies, and/or the mechanism of disease or impacted region is inconsistent with a known cause of pathogenicity."
Q020,A_keyword,CORRECT_NEITHER,"Invitae Evidence Modeling / Advanced modeling - vendor model, correctly carved out",LZTR1,"Labcorp Genetics (formerly Invitae), Labcorp",Uncertain significance,SCV002109566.5,1351007,False,False,True,True,"This sequence change replaces proline, which is neutral and non-polar, with leucine, which is neutral and non-polar, at codon 507 of the LZTR1 protein (p.Pro507Leu). The frequency data for this variant in the population databases is considered unreliable, as metrics indicate poor data quality at this position in the gnomAD database. This variant has not been reported in the literature in individuals affected with LZTR1-related conditions. ClinVar contains an entry for this variant (Variation ID: 1351007). Invitae Evidence Modeling of protein sequence and biophysical properties (such as structural, functional, and spatial information, amino acid conservation, physicochemical variation, residue mobility, and thermodynamic stability) indicates that this missense variant is not expected to disrupt LZTR1 protein function with a negative predictive value of 80%. In summary, the available evidence is currently insufficient to determine the role of this variant in disease. Therefore, it has been classified as a Variant of Uncertain Significance."
Q021,A_keyword,CORRECT_NEITHER,"Invitae Evidence Modeling / Advanced modeling - vendor model, correctly carved out",SOS1,"Labcorp Genetics (formerly Invitae), Labcorp",Uncertain significance,SCV002595780.5,1716017,False,False,False,True,"This sequence change replaces proline, which is neutral and non-polar, with leucine, which is neutral and non-polar, at codon 570 of the SOS1 protein (p.Pro570Leu). In summary, the available evidence is currently insufficient to determine the role of this variant in disease. Therefore, it has been classified as a Variant of Uncertain Significance. Advanced modeling of protein sequence and biophysical properties (such as structural, functional, and spatial information, amino acid conservation, physicochemical variation, residue mobility, and thermodynamic stability) performed at Invitae indicates that this missense variant is expected to disrupt SOS1 protein function. This variant has not been reported in the literature in individuals affected with SOS1-related conditions. This variant is not present in population databases (gnomAD no frequency)."
Q022,A_keyword,CORRECT_NEITHER,"Invitae Evidence Modeling / Advanced modeling - vendor model, correctly carved out",LZTR1,"Labcorp Genetics (formerly Invitae), Labcorp",Uncertain significance,SCV003278251.4,1791485,False,False,True,True,"This sequence change replaces leucine, which is neutral and non-polar, with valine, which is neutral and non-polar, at codon 367 of the LZTR1 protein (p.Leu367Val). This variant is present in population databases (rs45572935, gnomAD 0.003%). This variant has not been reported in the literature in individuals affected with LZTR1-related conditions. ClinVar contains an entry for this variant (Variation ID: 1791485). Invitae Evidence Modeling of protein sequence and biophysical properties (such as structural, functional, and spatial information, amino acid conservation, physicochemical variation, residue mobility, and thermodynamic stability) indicates that this missense variant is not expected to disrupt LZTR1 protein function with a negative predictive value of 80%. In summary, the available evidence is currently insufficient to determine the role of this variant in disease. Therefore, it has been classified as a Variant of Uncertain Significance."
Q023,A_keyword,CORRECT_NEITHER,"Invitae Evidence Modeling / Advanced modeling - vendor model, correctly carved out",SOS1,"Labcorp Genetics (formerly Invitae), Labcorp",Uncertain significance,SCV003481811.4,2166833,False,False,False,True,"In summary, the available evidence is currently insufficient to determine the role of this variant in disease. Therefore, it has been classified as a Variant of Uncertain Significance. Advanced modeling of protein sequence and biophysical properties (such as structural, functional, and spatial information, amino acid conservation, physicochemical variation, residue mobility, and thermodynamic stability) has been performed at Invitae for this missense variant, however the output from this modeling did not meet the statistical confidence thresholds required to predict the impact of this variant on SOS1 protein function. This variant has not been reported in the literature in individuals affected with SOS1-related conditions. This variant is not present in population databases (gnomAD no frequency). This sequence change replaces alanine, which is neutral and non-polar, with threonine, which is neutral and polar, at codon 86 of the SOS1 protein (p.Ala86Thr)."
Q024,A_keyword,AMBIGUOUS,Ambry 'and/or' boilerplate - undecidable whether functional data were used; 19 of the 45 in this stratum,RAF1,Ambry Genetics,Likely benign,SCV002706528.2,1449156,False,False,True,False,"This alteration is classified as likely benign based on a combination of the following: seen in unaffected individuals, population frequency, intact protein function, lack of segregation with disease, co-occurrence, RNA analysis, in silico models, amino acid conservation, lack of disease association in case-control studies, and/or the mechanism of disease or impacted region is inconsistent with a known cause of pathogenicity."
Q025,A_keyword,CORRECT_NEITHER,"Invitae Evidence Modeling / Advanced modeling - vendor model, correctly carved out",PTPN11,"Labcorp Genetics (formerly Invitae), Labcorp",Uncertain significance,SCV001226417.7,856249,False,False,False,True,"This sequence change replaces arginine, which is basic and polar, with histidine, which is basic and polar, at codon 173 of the PTPN11 protein (p.Arg173His). This variant is present in population databases (rs369155025, gnomAD 0.01%). This variant has not been reported in the literature in individuals affected with PTPN11-related conditions. ClinVar contains an entry for this variant (Variation ID: 856249). Invitae Evidence Modeling of protein sequence and biophysical properties (such as structural, functional, and spatial information, amino acid conservation, physicochemical variation, residue mobility, and thermodynamic stability) has been performed for this missense variant. However, the output from this modeling did not meet the statistical confidence thresholds required to predict the impact of this variant on PTPN11 protein function. In summary, the available evidence is currently insufficient to determine the role of this variant in disease. Therefore, it has been classified as a Variant of Uncertain Significance."
Q026,A_keyword,MISSED_CLAIM,"'shown to ... produce an 8-10 fold reduction in GTPase activity by functional study' - verb precedes the noun, and 'reduction in' is not 'reduced'",HRAS,"Women's Health and Genetics/Laboratory Corporation of America, LabCorp",Likely pathogenic,SCV000698552.1,12601,False,False,True,False,"Variant summary: The HRAS c.181C>A (p.Gln61Lys) variant involves the alteration of a conserved nucleotide. 2/4 in silico tools predict a benign outcome for this variant (SNPsandGO not captured due to low reliability index). This variant is absent in 120996 control chromosomes. This variant has been reported as somatic variant in many cancer samples and has been shown to strongly activate the transforming potential of HRAS gene and produce an 8-10 fold reduction in GTPase activity by functional study (Der_1986). This supports the role of inhibition of GTP hydrolysis resulting in a constitutively activated HRAS protein, consistent with the established mechanism of disease attributed to variants in the HRAS gene. In addition, codon Gln61 has been reported as a hotspot for transforming mutations (Saxowsky_2008), and variant was reported as a somatic variant by Database of Curated Mutations (DoCM) to Likely pathogenic. This variant has not, to our knowledge, been reported as a germline variant in patients with Noonan syndrome and related conditions. Taken together, this variant is classified as likely pathogenic until more evidence becomes available."
Q027,A_keyword,CORRECT_NEITHER,"Invitae Evidence Modeling / Advanced modeling - vendor model, correctly carved out",SOS2,"Labcorp Genetics (formerly Invitae), Labcorp",Uncertain significance,SCV000814921.6,567315,False,False,False,True,"This sequence change replaces proline, which is neutral and non-polar, with leucine, which is neutral and non-polar, at codon 799 of the SOS2 protein (p.Pro799Leu). This variant is present in population databases (rs773672997, gnomAD 0.01%). This variant has not been reported in the literature in individuals affected with SOS2-related conditions. ClinVar contains an entry for this variant (Variation ID: 567315). Invitae Evidence Modeling of protein sequence and biophysical properties (such as structural, functional, and spatial information, amino acid conservation, physicochemical variation, residue mobility, and thermodynamic stability) has been performed for this missense variant. However, the output from this modeling did not meet the statistical confidence thresholds required to predict the impact of this variant on SOS2 protein function. In summary, the available evidence is currently insufficient to determine the role of this variant in disease. Therefore, it has been classified as a Variant of Uncertain Significance."
Q028,A_keyword,CORRECT_NEITHER,"Invitae Evidence Modeling / Advanced modeling - vendor model, correctly carved out",RIT1,"Labcorp Genetics (formerly Invitae), Labcorp",Uncertain significance,SCV003519947.4,2198762,False,False,False,True,"In summary, the available evidence is currently insufficient to determine the role of this variant in disease. Therefore, it has been classified as a Variant of Uncertain Significance. Advanced modeling of protein sequence and biophysical properties (such as structural, functional, and spatial information, amino acid conservation, physicochemical variation, residue mobility, and thermodynamic stability) performed at Invitae indicates that this missense variant is not expected to disrupt RIT1 protein function. This variant has not been reported in the literature in individuals affected with RIT1-related conditions. This variant is not present in population databases (gnomAD no frequency). This sequence change replaces lysine, which is basic and polar, with glutamine, which is neutral and polar, at codon 200 of the RIT1 protein (p.Lys200Gln)."
Q029,A_keyword,AMBIGUOUS,Ambry 'and/or' boilerplate - undecidable whether functional data were used; 19 of the 45 in this stratum,LZTR1,Ambry Genetics,Likely benign,SCV005047230.1,2883803,False,False,True,False,"This alteration is classified as likely benign based on a combination of the following: seen in unaffected individuals, population frequency, intact protein function, lack of segregation with disease, co-occurrence, RNA analysis, in silico models, amino acid conservation, lack of disease association in case-control studies, and/or the mechanism of disease or impacted region is inconsistent with a known cause of pathogenicity."
Q030,A_keyword,CORRECT_NEITHER,"Invitae Evidence Modeling / Advanced modeling - vendor model, correctly carved out",BRAF,"Labcorp Genetics (formerly Invitae), Labcorp",Pathogenic,SCV000948576.6,13977,False,False,False,False,"This sequence change replaces glutamic acid, which is acidic and polar, with lysine, which is basic and polar, at codon 501 of the BRAF protein (p.Glu501Lys). This variant is not present in population databases (gnomAD no frequency). This missense change has been observed in individual(s) with cardio-facio-cutaneous syndrome (PMID: 19206169). In at least one individual the variant was observed to be de novo. ClinVar contains an entry for this variant (Variation ID: 13977). Invitae Evidence Modeling incorporating data from in vitro experimental studies (internal data) indicates that this missense variant is not expected to disrupt BRAF function with a negative predictive value of 95%. This variant disrupts the p.501 amino acid residue in BRAF. Other variant(s) that disrupt this residue have been observed in individuals with BRAF-related conditions (PMID: 16474404, 20186801, 25463315), which suggests that this may be a clinically significant amino acid residue. For these reasons, this variant has been classified as Pathogenic."
Q031,A_keyword,CORRECT_NEITHER,"Invitae Evidence Modeling / Advanced modeling - vendor model, correctly carved out",PTPN11,"Labcorp Genetics (formerly Invitae), Labcorp",Pathogenic,SCV001587259.6,40535,False,False,False,False,"For these reasons, this variant has been classified as Pathogenic. This variant disrupts the p.Asn308 amino acid residue in PTPN11. Other variant(s) that disrupt this residue have been determined to be pathogenic (PMID: 11992261, 19077116, 21340158; s16358218). This suggests that this residue is clinically significant, and that variants that disrupt this residue are likely to be disease-causing. Advanced modeling of protein sequence and biophysical properties (such as structural, functional, and spatial information, amino acid conservation, physicochemical variation, residue mobility, and thermodynamic stability) performed at Invitae indicates that this missense variant is expected to disrupt PTPN11 protein function. ClinVar contains an entry for this variant (Variation ID: 40535). This missense change has been observed in individual(s) with clinical features of Noonan syndrome (PMID: 28921562, 28991257). In at least one individual the variant was observed to be de novo. This variant is not present in population databases (gnomAD no frequency). This sequence change replaces asparagine, which is neutral and polar, with threonine, which is neutral and polar, at codon 308 of the PTPN11 protein (p.Asn308Thr)."
Q032,A_keyword,AMBIGUOUS,Ambry 'and/or' boilerplate - undecidable whether functional data were used; 19 of the 45 in this stratum,LZTR1,Ambry Genetics,Likely benign,SCV007619939.1,4859412,False,False,True,False,"This alteration is classified as likely benign based on a combination of the following: seen in unaffected individuals, population frequency, intact protein function, lack of segregation with disease, co-occurrence, RNA analysis, in silico models, amino acid conservation, lack of disease association in case-control studies, and/or the mechanism of disease or impacted region is inconsistent with a known cause of pathogenicity."
Q033,A_keyword,AMBIGUOUS,Ambry 'and/or' boilerplate - undecidable whether functional data were used; 19 of the 45 in this stratum,SOS1,Ambry Genetics,Likely benign,SCV005947538.1,705308,False,False,True,False,"This alteration is classified as likely benign based on a combination of the following: seen in unaffected individuals, population frequency, intact protein function, lack of segregation with disease, co-occurrence, RNA analysis, in silico models, amino acid conservation, lack of disease association in case-control studies, and/or the mechanism of disease or impacted region is inconsistent with a known cause of pathogenicity."
Q034,A_keyword,CORRECT_NEITHER,"Invitae Evidence Modeling / Advanced modeling - vendor model, correctly carved out",LZTR1,"Labcorp Genetics (formerly Invitae), Labcorp",Uncertain significance,SCV004275702.3,2721135,False,False,True,True,"This sequence change replaces asparagine, which is neutral and polar, with serine, which is neutral and polar, at codon 93 of the LZTR1 protein (p.Asn93Ser). This variant is not present in population databases (gnomAD no frequency). This variant has not been reported in the literature in individuals affected with LZTR1-related conditions. ClinVar contains an entry for this variant (Variation ID: 2721135). Invitae Evidence Modeling of protein sequence and biophysical properties (such as structural, functional, and spatial information, amino acid conservation, physicochemical variation, residue mobility, and thermodynamic stability) indicates that this missense variant is not expected to disrupt LZTR1 protein function with a negative predictive value of 80%. In summary, the available evidence is currently insufficient to determine the role of this variant in disease. Therefore, it has been classified as a Variant of Uncertain Significance."
Q035,A_keyword,MISSED_DENIAL,'have not been confirmed by PUBLISHED functional studies' - the adjective splits (not|never) been confirmed by (functional|...),KRAS,"Labcorp Genetics (formerly Invitae), Labcorp",Uncertain significance,SCV000836708.6,583307,False,False,True,True,"Algorithms developed to predict the effect of missense changes on protein structure and function (SIFT, PolyPhen-2, Align-GVGD) all suggest that this variant is likely to be disruptive, but these predictions have not been confirmed by published functional studies and their clinical significance is uncertain. This variant has not been reported in the literature in individuals with KRAS-related disease. This variant is not present in population databases (ExAC no frequency). This sequence change replaces threonine with alanine at codon 50 of the KRAS protein (p.Thr50Ala). The threonine residue is highly conserved and there is a small physicochemical difference between threonine and alanine. In summary, the available evidence is currently insufficient to determine the role of this variant in disease. Therefore, it has been classified as a Variant of Uncertain Significance."
Q036,A_keyword,AMBIGUOUS,Ambry 'and/or' boilerplate - undecidable whether functional data were used; 19 of the 45 in this stratum,HRAS,Ambry Genetics,Likely benign,SCV002726328.2,496283,False,False,True,False,"This alteration is classified as likely benign based on a combination of the following: seen in unaffected individuals, population frequency, intact protein function, lack of segregation with disease, co-occurrence, RNA analysis, in silico models, amino acid conservation, lack of disease association in case-control studies, and/or the mechanism of disease or impacted region is inconsistent with a known cause of pathogenicity."
Q037,A_keyword,CORRECT_NEITHER,"Invitae Evidence Modeling / Advanced modeling - vendor model, correctly carved out",PTPN11,"Labcorp Genetics (formerly Invitae), Labcorp",Pathogenic,SCV000832744.6,40523,False,False,False,False,"This sequence change replaces glycine, which is neutral and non-polar, with cysteine, which is neutral and slightly polar, at codon 268 of the PTPN11 protein (p.Gly268Cys). This variant is present in population databases (rs397507527, gnomAD 0.006%). This missense change has been observed in individual(s) with Noonan syndrome (PMID: 16358218, 22465605, 26785492). In at least one individual the variant was observed to be de novo. ClinVar contains an entry for this variant (Variation ID: 40523). Invitae Evidence Modeling incorporating data from in vitro experimental studies (Invitae) indicates that this missense variant is expected to disrupt PTPN11 function with a positive predictive value of 95%. This variant disrupts the p.Gly268 amino acid residue in PTPN11. Other variant(s) that disrupt this residue have been determined to be pathogenic (PMID: 16358218, 21590266). This suggests that this residue is clinically significant, and that variants that disrupt this residue are likely to be disease-causing. For these reasons, this variant has been classified as Pathogenic."
Q038,A_keyword,CORRECT_NEITHER,"Invitae Evidence Modeling / Advanced modeling - vendor model, correctly carved out",LZTR1,"Labcorp Genetics (formerly Invitae), Labcorp",Uncertain significance,SCV005744144.2,3644858,False,False,False,True,"This sequence change replaces glycine, which is neutral and non-polar, with cysteine, which is neutral and slightly polar, at codon 222 of the LZTR1 protein (p.Gly222Cys). This variant is not present in population databases (gnomAD no frequency). This variant has not been reported in the literature in individuals affected with LZTR1-related conditions. Advanced modeling of protein sequence and biophysical properties (such as structural, functional, and spatial information, amino acid conservation, physicochemical variation, residue mobility, and thermodynamic stability) performed at Invitae indicates that this missense variant is not expected to disrupt LZTR1 protein function with a negative predictive value of 80%. In summary, the available evidence is currently insufficient to determine the role of this variant in disease. Therefore, it has been classified as a Variant of Uncertain Significance."
Q039,A_keyword,MISSED_CLAIM,'Functional studies showed that this variant results in increased phosphopeptide binding affinity' - the verb list has 'shown' but not 'show/showed',PTPN11,"Neuberg Centre For Genomic Medicine, NCGM",Pathogenic,SCV005374839.3,40482,False,False,True,False,"The observed missense c.124A>G(p.Thr42Ala) variant in PTPN11 gene has been reported previously in multiple individuals affected with Noonan syndrome (Tamura A, et al., 2018; Digilio MC, et al., 2013; Tartaglia M, et al., 2006). Functional studies showed that this variant results in increased phosphopeptide binding affinity and dephosphorylation supporting the proposed molecular mechanism of its pathogenicity (Martinelli S, et al., 2008). The p.Thr42Ala variant is absent in gnomAD Exomes. This variant has been reported to the ClinVar database as Pathogenic (multiple submissions). Multiple lines of computational evidences (Polyphen - Possibly damaging, SIFT - Tolerated and MutationTaster - Disease causing) predict conflicting evidence on protein structure and function for this variant. The reference amino acid change at this position on PTPN11 gene is predicted as conserved by GERP++ and PhyloP across 100 vertebrates. The amino acid Thr at position 42 is changed to a Ala changing protein sequence and it might alter its composition and physico-chemical properties. For these reasons, this variant has been classified as Pathogenic."
Q040,A_keyword,AMBIGUOUS,Ambry 'and/or' boilerplate - undecidable whether functional data were used; 19 of the 45 in this stratum,LZTR1,Ambry Genetics,Likely benign,SCV002609854.2,1729384,False,False,True,False,"This alteration is classified as likely benign based on a combination of the following: seen in unaffected individuals, population frequency, intact protein function, lack of segregation with disease, co-occurrence, RNA analysis, in silico models, amino acid conservation, lack of disease association in case-control studies, and/or the mechanism of disease or impacted region is inconsistent with a known cause of pathogenicity."
Q041,A_keyword,CORRECT_NEITHER,"'located in a functional domain' - a structural inference, not an assay",PTPN11,"Broad Center for Mendelian Genomics, Broad Institute of MIT and Harvard",Pathogenic,SCV004800978.1,40520,False,False,True,False,"The heterozygous p.Leu261Phe variant in PTPN11 was identified by our study in one individual with Duane retraction syndrome, abnormality of the masticatory muscle, ventricular septal defect, choanal atresia, solitary median maxillary central incisor, enlarged joints, scoliosis, panhypopituitarism, syringomyelia, episodic pain, and hand tremor, via a collaborative study between the Broad Institute's Center for Mendelian Genomics and the Engle lab (https://kirbyneuro.org/EngleLab/). We believe this is a phenotype expansion for PTPN11-related RASopathies. The p.Leu261Phe variant in PTPN11 has been previously reported in at least 11 unrelated individuals with PTPN11-related RASopathies (PMID: 33354767, PMID: 28074573, PMID: 31130284, PMID: 30417923, PMID: 22494877, PMID: 22465605) and segregated with disease in 3 affected relatives from 1 family (PMID: 33354767), but has been identified in 0.0015% (1/68022) of European (non-Finnish) chromosomes by the Genome Aggregation Database (gnomAD, http://gnomad.broadinstitute.org; dbSNP ID: rs397507525). Although this variant has been seen in the general population in a heterozygous state, its frequency is not high enough to rule out a pathogenic role. Pathogenic variants may be present at a low frequency in the general population for diseases with clinical variability or reduced penetrance. The number of reported affected individuals with this variant is greater than expected compared to non-affected individuals with this variant. This variant was found to be de novo in 6 individuals with confirmed paternity and maternity (PMID: 28074573, PMID: 31130284, PMID: 22465605). This variant has also been reported in ClinVar (Variation ID: 40520) and has been interpreted as pathogenic or likely pathogenic by multiple submitters. The p.Leu261Phe variant is located in a region of PTPN11 that is essential to protein folding and stability, suggesting that this variant is in a functional domain and supports pathogenicity (PMID: 29493581). One additional likely pathogenic variant, resulting in a different amino acid change at the same position, p.Leu261His, has been reported in association with disease in the literature and in ClinVar, slightly supporting that a change at this position may not be tolerated (PMID: 28074573, 22253195, 23756559; Variation ID: 575203). The number of missense variants reported in PTPN11 in the general population is lower than expected, suggesting there is little benign variation in this gene and slightly increasing the possibility that a missense variant in this gene may not be tolerated. Computational prediction tools and conservation analyses do not provide strong support for or against an impact to the protein. In summary, this variant meets criteria to be classified as pathogenic for autosomal dominant PTPN11-related rasopathies. ACMG/AMP Criteria applied: PS2_VeryStrong, PS4, PM1, PM5_Supporting, PP2 (Richards 2015)."
Q042,A_keyword,AMBIGUOUS,Ambry 'and/or' boilerplate - undecidable whether functional data were used; 19 of the 45 in this stratum,BRAF,Ambry Genetics,Likely benign,SCV002700234.2,1772744,False,False,True,False,"This alteration is classified as likely benign based on a combination of the following: seen in unaffected individuals, population frequency, intact protein function, lack of segregation with disease, co-occurrence, RNA analysis, in silico models, amino acid conservation, lack of disease association in case-control studies, and/or the mechanism of disease or impacted region is inconsistent with a known cause of pathogenicity."
Q043,A_keyword,CORRECT_NEITHER,"Invitae Evidence Modeling / Advanced modeling - vendor model, correctly carved out",BRAF,"Labcorp Genetics (formerly Invitae), Labcorp",Uncertain significance,SCV004502638.3,1711752,False,False,False,True,"This sequence change replaces glycine, which is neutral and non-polar, with glutamic acid, which is acidic and polar, at codon 460 of the BRAF protein (p.Gly460Glu). This variant is not present in population databases (gnomAD no frequency). This variant has not been reported in the literature in individuals affected with BRAF-related conditions. ClinVar contains an entry for this variant (Variation ID: 1711752). Advanced modeling of protein sequence and biophysical properties (such as structural, functional, and spatial information, amino acid conservation, physicochemical variation, residue mobility, and thermodynamic stability) performed at Invitae indicates that this missense variant is not expected to disrupt BRAF protein function with a negative predictive value of 80%. In summary, the available evidence is currently insufficient to determine the role of this variant in disease. Therefore, it has been classified as a Variant of Uncertain Significance."
Q044,A_keyword,AMBIGUOUS,Ambry 'and/or' boilerplate - undecidable whether functional data were used; 19 of the 45 in this stratum,SOS1,Ambry Genetics,Likely benign,SCV005506088.1,3447303,False,False,True,False,"This alteration is classified as likely benign based on a combination of the following: seen in unaffected individuals, population frequency, intact protein function, lack of segregation with disease, co-occurrence, RNA analysis, in silico models, amino acid conservation, lack of disease association in case-control studies, and/or the mechanism of disease or impacted region is inconsistent with a known cause of pathogenicity."
Q045,A_keyword,CORRECT_NEITHER,"Invitae Evidence Modeling / Advanced modeling - vendor model, correctly carved out",SHOC2,"Labcorp Genetics (formerly Invitae), Labcorp",Uncertain significance,SCV004310944.3,2412937,False,False,True,True,"This sequence change replaces isoleucine, which is neutral and non-polar, with valine, which is neutral and non-polar, at codon 241 of the SHOC2 protein (p.Ile241Val). This variant is not present in population databases (gnomAD no frequency). This variant has not been reported in the literature in individuals affected with SHOC2-related conditions. ClinVar contains an entry for this variant (Variation ID: 2412937). Invitae Evidence Modeling of protein sequence and biophysical properties (such as structural, functional, and spatial information, amino acid conservation, physicochemical variation, residue mobility, and thermodynamic stability) indicates that this missense variant is not expected to disrupt SHOC2 protein function with a negative predictive value of 80%. In summary, the available evidence is currently insufficient to determine the role of this variant in disease. Therefore, it has been classified as a Variant of Uncertain Significance."
Q046,B_nokeyword,CORRECT_NEITHER,"no assay vocabulary - frequency, in-silico, splice inference or boilerplate",LZTR1,Ambry Genetics,Uncertain significance,SCV006348117.1,3691660,False,False,True,False,"The p.M614V variant (also known as c.1840A>G), located in coding exon 16 of the LZTR1 gene, results from an A to G substitution at nucleotide position 1840. The methionine at codon 614 is replaced by valine, an amino acid with highly similar properties. This amino acid position is conserved. In addition, this alteration is predicted to be tolerated by in silico analysis. Based on the available evidence, the clinical significance of this variant remains unclear."
Q047,B_nokeyword,CORRECT_NEITHER,"no assay vocabulary - frequency, in-silico, splice inference or boilerplate",RAF1,Ambry Genetics,Uncertain significance,SCV002706535.2,1777494,False,False,True,False,"The p.R554Q variant (also known as c.1661G>A), located in coding exon 14 of the RAF1 gene, results from a G to A substitution at nucleotide position 1661. The arginine at codon 554 is replaced by glutamine, an amino acid with highly similar properties. This amino acid position is conserved. In addition, this alteration is predicted to be deleterious by in silico analysis. Since supporting evidence is limited at this time, the clinical significance of this alteration remains unclear."
Q048,B_nokeyword,CORRECT_NEITHER,"no assay vocabulary - frequency, in-silico, splice inference or boilerplate",LZTR1,Dasa,Likely benign,SCV007613516.1,433552,False,False,False,False,"NM_006767.4(LZTR1):c.1904C>T (p.Pro635Leu) is a missense variant that results in the substitution of proline with leucine. Population frequency is inconsistent with a disease-causing role for this variant, and observations in unaffected individuals support a benign interpretation. Therefore, based on the currently available evidence, this variant is classified as likely benign."
Q049,B_nokeyword,CORRECT_NEITHER,"no assay vocabulary - frequency, in-silico, splice inference or boilerplate",LZTR1,"Labcorp Genetics (formerly Invitae), Labcorp",Pathogenic,SCV004329645.3,1759322,False,False,False,False,"This sequence change creates a premature translational stop signal (p.Ile251*) in the LZTR1 gene. It is expected to result in an absent or disrupted protein product. Loss-of-function variants in LZTR1 are known to be pathogenic (PMID: 24362817, 25335493, 25480913, 25795793, 29469822, 30368668, 30442762, 30442766, 30481304, 30859559). This variant is not present in population databases (gnomAD no frequency). This premature translational stop signal has been observed in individual(s) with congenital heart disease (PMID: 33084842). This variant is also known as 22:21344770 CA>C. ClinVar contains an entry for this variant (Variation ID: 1759322). For these reasons, this variant has been classified as Pathogenic."
Q050,B_nokeyword,CORRECT_NEITHER,"no assay vocabulary - frequency, in-silico, splice inference or boilerplate",LZTR1,GeneDx,Uncertain significance,SCV005402039.1,3378364,False,False,True,False,Not observed at significant frequency in large population cohorts (gnomAD); In silico analysis indicates that this missense variant does not alter protein structure/function; Has not been previously published as pathogenic or benign to our knowledge
Q051,B_nokeyword,CORRECT_NEITHER,"no assay vocabulary - frequency, in-silico, splice inference or boilerplate",SOS2,CeGaT Center for Human Genetics Tuebingen,Likely benign,SCV007640099.1,706639,False,False,False,False,SOS2: BP4
Q052,B_nokeyword,CORRECT_NEITHER,"no assay vocabulary - frequency, in-silico, splice inference or boilerplate",SOS2,GeneDx,Benign,SCV000808386.1,561606,False,False,True,False,"This variant is considered likely benign or benign based on one or more of the following criteria: it is a conservative change, it occurs at a poorly conserved position in the protein, it is predicted to be benign by multiple in silico algorithms, and/or has population frequency not consistent with disease."
Q053,B_nokeyword,CORRECT_NEITHER,"no assay vocabulary - frequency, in-silico, splice inference or boilerplate",SOS2,Ambry Genetics,Uncertain significance,SCV006435250.1,4172007,False,False,True,False,"The p.T476A variant (also known as c.1426A>G), located in coding exon 10 of the SOS2 gene, results from an A to G substitution at nucleotide position 1426. The threonine at codon 476 is replaced by alanine, an amino acid with similar properties. This amino acid position is conserved. In addition, this alteration is predicted to be tolerated by in silico analysis. Based on the available evidence, the clinical significance of this variant remains unclear."
Q054,B_nokeyword,CORRECT_NEITHER,"no assay vocabulary - frequency, in-silico, splice inference or boilerplate",LZTR1,Ambry Genetics,Uncertain significance,SCV002607617.2,1727947,False,False,True,False,"The p.V38I variant (also known as c.112G>A), located in coding exon 1 of the LZTR1 gene, results from a G to A substitution at nucleotide position 112. The valine at codon 38 is replaced by isoleucine, an amino acid with highly similar properties. This amino acid position is conserved. In addition, this alteration is predicted to be tolerated by in silico analysis. Since supporting evidence is limited at this time, the clinical significance of this alteration remains unclear."
Q055,B_nokeyword,CORRECT_NEITHER,"no assay vocabulary - frequency, in-silico, splice inference or boilerplate",LZTR1,Ambry Genetics,Pathogenic,SCV007617714.1,4859376,False,False,False,False,"The c.808delA pathogenic mutation, located in coding exon 9 of the LZTR1 gene, results from a deletion of one nucleotide at nucleotide position 808, causing a translational frameshift with a predicted alternate stop codon (p.T270Lfs*81). This alteration is expected to result in loss of function by premature protein truncation or nonsense-mediated mRNA decay. Loss-of-function variants in LZTR1 are related to an increased risk for schwannomas and autosomal recessive Noonan syndrome; however, such associations with autosomal dominant Noonan syndrome have not been observed (Piotrowski A et al. Nat Genet. 2014 Feb;46:182-7; Yamamoto GL et al. J Med Genet. 2015 Jun;52:413-21; Johnston JJ et al. Genet Med. 2018 10;20:1175-1185). Based on the supporting evidence, this variant is pathogenic for an increased risk of LZTR1-related schwannomatosis (SWN) and would be expected to cause autosomal recessive Noonan syndrome when present along with a second pathogenic or likely pathogenic variant on the other allele; however, the association of this variant with autosomal dominant Noonan syndrome is unlikely."
Q056,B_nokeyword,CORRECT_NEITHER,"no assay vocabulary - frequency, in-silico, splice inference or boilerplate",PTPN11,"Illumina Laboratory Services, Illumina",Benign,SCV000376394.3,307244,False,False,False,False,"This variant was observed in the ICSL laboratory as part of a predisposition screen in an ostensibly healthy population. It had not been previously curated by ICSL or reported in the Human Gene Mutation Database (HGMD: prior to June 1st, 2018), and was therefore a candidate for classification through an automated scoring system. Utilizing variant allele frequency, disease prevalence and penetrance estimates, and inheritance mode, an automated score was calculated to assess if this variant is too frequent to cause the disease. Based on the score and internal cut-off values, a variant classified as benign is not then subjected to further curation. The score for this variant resulted in a classification of benign for this disease."
Q057,B_nokeyword,CORRECT_NEITHER,"no assay vocabulary - frequency, in-silico, splice inference or boilerplate",MAP2K2,"Labcorp Genetics (formerly Invitae), Labcorp",Uncertain significance,SCV003350509.4,2130213,False,False,False,True,"This sequence change creates a premature translational stop signal (p.Tyr265Trpfs*52) in the MAP2K2 gene. It is expected to result in an absent or disrupted protein product. However, the current clinical and genetic evidence is not sufficient to establish whether loss-of-function variants in MAP2K2 cause disease. This variant is not present in population databases (gnomAD no frequency). This variant has not been reported in the literature in individuals affected with MAP2K2-related conditions. In summary, the available evidence is currently insufficient to determine the role of this variant in disease. Therefore, it has been classified as a Variant of Uncertain Significance."
Q058,B_nokeyword,CORRECT_NEITHER,"no assay vocabulary - frequency, in-silico, splice inference or boilerplate",PTPN11,"Pittsburgh Clinical Genomics Laboratory, University of Pittsburgh Medical Center",Pathogenic,SCV005397308.1,40552,False,False,False,False,"This sequence variant is a single nucleotide substitution (C>T) at coding position 1472 in the PTPN11 gene which results in a proline to leucine amino acid change at residue 491 in the PTPN11 protein. This is a previously reported variant (ClinVar) which has been observed as segregating with disease or de novo in multiple individuals with Noon syndrome (PMID: 15985475, 22781091, 22781091, 32737134, 25862627). This variant is absent from the gnomAD population database (0/~251000 alleles). Multiple bioinformatic tools queried predict that this proline to leucine amino acid change would be damaging, and proline is highly conserved across the vertebrate species examined. Based upon this data, we consider this variant to be pathogenic. ACMG Criteria: PM1, PM2, PP2, PS2, PS4"
Q059,B_nokeyword,CORRECT_NEITHER,"no assay vocabulary - frequency, in-silico, splice inference or boilerplate",LZTR1,Ambry Genetics,Uncertain significance,SCV007220217.1,4615631,False,False,True,False,"The p.P536S variant (also known as c.1606C>T), located in coding exon 14 of the LZTR1 gene, results from a C to T substitution at nucleotide position 1606. The proline at codon 536 is replaced by serine, an amino acid with similar properties. This amino acid position is conserved. In addition, the in silico prediction for this alteration is inconclusive. Based on the available evidence, the clinical significance of this variant remains unclear."
Q060,B_nokeyword,CORRECT_NEITHER,"no assay vocabulary - frequency, in-silico, splice inference or boilerplate",RAF1,Ambry Genetics,Uncertain significance,SCV007573231.1,4842449,False,False,True,False,"The c.1669-5C>T intronic variant results from a C to T substitution 5 nucleotides upstream from coding exon 15 in the RAF1 gene. This nucleotide position is not well conserved in available vertebrate species. In silico splice site analysis predicts that this alteration will not have any significant effect on splicing. Based on the available evidence, the clinical significance of this variant remains unclear."
