VariationID,gene,sub_a,sub_b,label_a,label_b,n_a,n_b,jaccard,identical,later_superset,date_a,date_b,gap_days,lab_pair
6821,SHOC2,ClinGen RASopathy Variant Curation Expert Panel,3billion,claim,claim,7,7,1.0,True,False,2017-04-03,2025-06-10,2990.0,3billion | ClinGen RASopathy Variant Curation Expert Panel
12589,KRAS,3billion,ClinGen RASopathy Variant Curation Expert Panel,claim,claim,5,5,1.0,True,False,2022-05-22,2024-12-03,926.0,3billion | ClinGen RASopathy Variant Curation Expert Panel
12602,HRAS,ClinGen RASopathy Variant Curation Expert Panel,3billion,claim,claim,15,18,0.8333333333333334,False,True,2017-04-03,2025-07-09,3019.0,3billion | ClinGen RASopathy Variant Curation Expert Panel
12603,HRAS,"Labcorp Genetics (formerly Invitae), Labcorp","Clinical Genetics and Genomics, Karolinska University Hospital",claim,claim,15,15,1.0,True,False,2023-04-21,2024-07-22,458.0,"Clinical Genetics and Genomics, Karolinska University Hospital | Labcorp Genetics (formerly Invitae), Labcorp"
12872,SOS1,"Labcorp Genetics (formerly Invitae), Labcorp","Center for Genomics, Ann and Robert H. Lurie Children's Hospital of Chicago",neither,neither,10,9,0.9,False,False,2025-08-09,,,"Center for Genomics, Ann and Robert H. Lurie Children's Hospital of Chicago | Labcorp Genetics (formerly Invitae), Labcorp"
13326,PTPN11,Dasa,3billion,claim,claim,8,9,0.8888888888888888,False,True,2022-01-05,2026-01-23,1479.0,3billion | Dasa
13327,PTPN11,"Labcorp Genetics (formerly Invitae), Labcorp",Dasa,neither,neither,6,5,0.8333333333333334,False,False,2025-12-19,2026-04-06,108.0,"Dasa | Labcorp Genetics (formerly Invitae), Labcorp"
13331,PTPN11,Dasa,"Genetic Services Laboratory, University of Chicago",claim,claim,12,10,0.8333333333333334,False,False,2022-03-05,2024-08-01,880.0,"Dasa | Genetic Services Laboratory, University of Chicago"
13331,PTPN11,"Genetic Services Laboratory, University of Chicago",3billion,claim,claim,10,12,0.8333333333333334,False,True,2024-08-01,2025-12-17,503.0,"3billion | Genetic Services Laboratory, University of Chicago"
13331,PTPN11,ClinGen RASopathy Variant Curation Expert Panel,"Genetic Services Laboratory, University of Chicago",claim,claim,12,10,0.8333333333333334,False,False,2017-04-03,2024-08-01,2677.0,"ClinGen RASopathy Variant Curation Expert Panel | Genetic Services Laboratory, University of Chicago"
13331,PTPN11,Dasa,3billion,claim,claim,12,12,0.8461538461538461,False,False,2022-03-05,2025-12-17,1383.0,3billion | Dasa
13331,PTPN11,ClinGen RASopathy Variant Curation Expert Panel,Dasa,claim,claim,12,12,1.0,True,False,2017-04-03,2022-03-05,1797.0,ClinGen RASopathy Variant Curation Expert Panel | Dasa
13331,PTPN11,ClinGen RASopathy Variant Curation Expert Panel,3billion,claim,claim,12,12,0.8461538461538461,False,False,2017-04-03,2025-12-17,3180.0,3billion | ClinGen RASopathy Variant Curation Expert Panel
13333,PTPN11,3billion,ClinGen RASopathy Variant Curation Expert Panel,claim,claim,5,6,0.8333333333333334,False,True,2024-06-27,2024-09-17,82.0,3billion | ClinGen RASopathy Variant Curation Expert Panel
13333,PTPN11,3billion,"Rady Children's Institute for Genomic Medicine, Rady Children's Hospital San Diego",claim,claim,5,6,0.8333333333333334,False,True,2024-06-27,,,"3billion | Rady Children's Institute for Genomic Medicine, Rady Children's Hospital San Diego"
13335,PTPN11,"Rady Children's Institute for Genomic Medicine, Rady Children's Hospital San Diego","Labcorp Genetics (formerly Invitae), Labcorp",claim,claim,9,9,1.0,True,False,2023-11-24,2026-02-01,800.0,"Labcorp Genetics (formerly Invitae), Labcorp | Rady Children's Institute for Genomic Medicine, Rady Children's Hospital San Diego"
13336,PTPN11,"Labcorp Genetics (formerly Invitae), Labcorp","Rady Children's Institute for Genomic Medicine, Rady Children's Hospital San Diego",claim,claim,9,10,0.9,False,True,2024-02-03,,,"Labcorp Genetics (formerly Invitae), Labcorp | Rady Children's Institute for Genomic Medicine, Rady Children's Hospital San Diego"
13349,PTPN11,"Genetic Services Laboratory, University of Chicago",3billion,denial,neither,4,4,1.0,True,False,2020-06-24,2023-07-17,1118.0,"3billion | Genetic Services Laboratory, University of Chicago"
13349,PTPN11,3billion,"Labcorp Genetics (formerly Invitae), Labcorp",neither,neither,4,4,1.0,True,False,2023-07-17,2026-01-13,911.0,"3billion | Labcorp Genetics (formerly Invitae), Labcorp"
13349,PTPN11,"Genetic Services Laboratory, University of Chicago","Labcorp Genetics (formerly Invitae), Labcorp",denial,neither,4,4,1.0,True,False,2020-06-24,2026-01-13,2029.0,"Genetic Services Laboratory, University of Chicago | Labcorp Genetics (formerly Invitae), Labcorp"
13351,MAP2K1,Dasa,3billion,claim,claim,7,8,0.875,False,True,2022-01-05,2025-12-09,1434.0,3billion | Dasa
13351,MAP2K1,ClinGen RASopathy Variant Curation Expert Panel,3billion,claim,claim,7,8,0.875,False,True,2017-05-09,2025-12-09,3136.0,3billion | ClinGen RASopathy Variant Curation Expert Panel
13351,MAP2K1,ClinGen RASopathy Variant Curation Expert Panel,Dasa,claim,claim,7,7,1.0,True,False,2017-05-09,2022-01-05,1702.0,ClinGen RASopathy Variant Curation Expert Panel | Dasa
13902,NRAS,ClinGen RASopathy Variant Curation Expert Panel,3billion,claim,neither,5,4,0.8,False,False,2024-09-17,2024-10-30,43.0,3billion | ClinGen RASopathy Variant Curation Expert Panel
13903,NRAS,"Labcorp Genetics (formerly Invitae), Labcorp",ClinGen RASopathy Variant Curation Expert Panel,claim,claim,3,3,1.0,True,False,2024-07-16,2024-12-03,140.0,"ClinGen RASopathy Variant Curation Expert Panel | Labcorp Genetics (formerly Invitae), Labcorp"
13957,RAF1,GeneDx,"Prenatal Diagnosis Unit, University Medical Center at Ho Chi Minh City, University of Medicine and Pharmacy at Ho Chi Minh City",claim,neither,49,49,1.0,True,False,2022-09-09,2025-10-22,1139.0,"GeneDx | Prenatal Diagnosis Unit, University Medical Center at Ho Chi Minh City, University of Medicine and Pharmacy at Ho Chi Minh City"
13973,BRAF,ClinGen RASopathy Variant Curation Expert Panel,3billion,claim,claim,6,7,0.8571428571428571,False,True,2017-04-03,2025-10-09,3111.0,3billion | ClinGen RASopathy Variant Curation Expert Panel
40348,BRAF,ClinGen RASopathy Variant Curation Expert Panel,3billion,neither,neither,3,3,1.0,True,False,2019-05-10,2025-10-30,2365.0,3billion | ClinGen RASopathy Variant Curation Expert Panel
40387,BRAF,ClinGen RASopathy Variant Curation Expert Panel,3billion,claim,claim,4,4,1.0,True,False,2017-04-03,2025-11-06,3139.0,3billion | ClinGen RASopathy Variant Curation Expert Panel
40454,KRAS,ClinGen RASopathy Variant Curation Expert Panel,"Variantyx, Inc.",claim,claim,3,3,1.0,True,False,2024-09-17,2025-11-27,436.0,"ClinGen RASopathy Variant Curation Expert Panel | Variantyx, Inc."
40513,PTPN11,Dasa,3billion,claim,claim,5,6,0.8333333333333334,False,True,2022-03-05,2026-01-29,1426.0,3billion | Dasa
40513,PTPN11,ClinGen RASopathy Variant Curation Expert Panel,3billion,claim,claim,7,6,0.8571428571428571,False,False,2017-04-03,2026-01-29,3223.0,3billion | ClinGen RASopathy Variant Curation Expert Panel
40523,PTPN11,"Rady Children's Institute for Genomic Medicine, Rady Children's Hospital San Diego","Labcorp Genetics (formerly Invitae), Labcorp",neither,neither,5,4,0.8,False,False,2019-10-30,2024-08-13,1749.0,"Labcorp Genetics (formerly Invitae), Labcorp | Rady Children's Institute for Genomic Medicine, Rady Children's Hospital San Diego"
40563,PTPN11,Dasa,"Labcorp Genetics (formerly Invitae), Labcorp",claim,claim,9,9,1.0,True,False,2022-03-05,2023-12-13,648.0,"Dasa | Labcorp Genetics (formerly Invitae), Labcorp"
40566,PTPN11,"Labcorp Genetics (formerly Invitae), Labcorp","Rady Children's Institute for Genomic Medicine, Rady Children's Hospital San Diego",claim,claim,17,19,0.8,False,False,2025-10-05,,,"Labcorp Genetics (formerly Invitae), Labcorp | Rady Children's Institute for Genomic Medicine, Rady Children's Hospital San Diego"
40651,SOS1,ClinGen RASopathy Variant Curation Expert Panel,3billion,claim,claim,5,4,0.8,False,False,2017-04-03,2025-12-30,3193.0,3billion | ClinGen RASopathy Variant Curation Expert Panel
40656,SOS1,"St. Jude Molecular Pathology, St. Jude Children's Research Hospital",GeneDx,claim,neither,3,3,1.0,True,False,2020-10-07,2025-11-18,1868.0,"GeneDx | St. Jude Molecular Pathology, St. Jude Children's Research Hospital"
40672,SOS1,"Labcorp Genetics (formerly Invitae), Labcorp","Center for Genomics, Ann and Robert H. Lurie Children's Hospital of Chicago",claim,claim,5,4,0.8,False,False,2025-12-19,,,"Center for Genomics, Ann and Robert H. Lurie Children's Hospital of Chicago | Labcorp Genetics (formerly Invitae), Labcorp"
40683,SOS1,ClinGen RASopathy Variant Curation Expert Panel,3billion,claim,claim,13,15,0.8666666666666667,False,True,2019-05-10,2025-11-13,2379.0,3billion | ClinGen RASopathy Variant Curation Expert Panel
45379,SOS1,"Labcorp Genetics (formerly Invitae), Labcorp",Dasa,claim,claim,3,3,1.0,True,False,2021-05-21,2022-06-10,385.0,"Dasa | Labcorp Genetics (formerly Invitae), Labcorp"
45379,SOS1,"Labcorp Genetics (formerly Invitae), Labcorp",3billion,claim,neither,3,3,1.0,True,False,2021-05-21,2025-11-11,1635.0,"3billion | Labcorp Genetics (formerly Invitae), Labcorp"
45379,SOS1,Dasa,3billion,claim,neither,3,3,1.0,True,False,2022-06-10,2025-11-11,1250.0,3billion | Dasa
60506,RIT1,"Broad Center for Mendelian Genomics, Broad Institute of MIT and Harvard",3billion,neither,neither,3,3,1.0,True,False,2018-12-03,2025-05-19,2359.0,"3billion | Broad Center for Mendelian Genomics, Broad Institute of MIT and Harvard"
60506,RIT1,"Broad Center for Mendelian Genomics, Broad Institute of MIT and Harvard","Variantyx, Inc.",neither,claim,3,3,1.0,True,False,2018-12-03,2025-08-05,2437.0,"Broad Center for Mendelian Genomics, Broad Institute of MIT and Harvard | Variantyx, Inc."
60506,RIT1,3billion,"Variantyx, Inc.",neither,claim,3,3,1.0,True,False,2025-05-19,2025-08-05,78.0,"3billion | Variantyx, Inc."
101034,LZTR1,"Women's Health and Genetics/Laboratory Corporation of America, LabCorp","Institute for Genomic Medicine (IGM) Clinical Laboratory, Nationwide Children's Hospital",neither,claim,5,4,0.8,False,False,2024-06-12,2025-06-17,370.0,"Institute for Genomic Medicine (IGM) Clinical Laboratory, Nationwide Children's Hospital | Women's Health and Genetics/Laboratory Corporation of America, LabCorp"
180848,HRAS,"Variantyx, Inc.",GeneDx,neither,neither,4,5,0.8,False,True,2025-04-08,2025-10-31,206.0,"GeneDx | Variantyx, Inc."
181503,PTPN11,"Genome Diagnostics Laboratory, The Hospital for Sick Children","Labcorp Genetics (formerly Invitae), Labcorp",neither,claim,6,7,0.8571428571428571,False,True,2017-11-05,2022-03-14,1590.0,"Genome Diagnostics Laboratory, The Hospital for Sick Children | Labcorp Genetics (formerly Invitae), Labcorp"
183401,RIT1,"Women's Health and Genetics/Laboratory Corporation of America, LabCorp",3billion,both,claim,4,5,0.8,False,True,2023-05-08,2025-11-12,919.0,"3billion | Women's Health and Genetics/Laboratory Corporation of America, LabCorp"
183401,RIT1,"Labcorp Genetics (formerly Invitae), Labcorp",3billion,claim,claim,6,5,0.8333333333333334,False,False,2024-01-11,2025-11-12,671.0,"3billion | Labcorp Genetics (formerly Invitae), Labcorp"
209088,LZTR1,ClinGen RASopathy Variant Curation Expert Panel,Dasa,claim,claim,4,5,0.8,False,True,2024-09-17,2025-05-23,248.0,ClinGen RASopathy Variant Curation Expert Panel | Dasa
209088,LZTR1,Dasa,"Labcorp Genetics (formerly Invitae), Labcorp",claim,claim,5,4,0.8,False,False,2025-05-23,2025-11-04,165.0,"Dasa | Labcorp Genetics (formerly Invitae), Labcorp"
372924,LZTR1,GeneDx,"Labcorp Genetics (formerly Invitae), Labcorp",neither,neither,11,10,0.9090909090909091,False,False,2025-07-10,2025-12-30,173.0,"GeneDx | Labcorp Genetics (formerly Invitae), Labcorp"
599030,LZTR1,"Institute for Genomic Medicine (IGM) Clinical Laboratory, Nationwide Children's Hospital","Labcorp Genetics (formerly Invitae), Labcorp",neither,neither,11,10,0.9090909090909091,False,False,2025-09-23,2026-01-26,125.0,"Institute for Genomic Medicine (IGM) Clinical Laboratory, Nationwide Children's Hospital | Labcorp Genetics (formerly Invitae), Labcorp"
623976,LZTR1,GeneDx,Dasa,neither,neither,4,5,0.8,False,True,2023-08-14,2026-02-04,905.0,Dasa | GeneDx
809328,LZTR1,"Women's Health and Genetics/Laboratory Corporation of America, LabCorp",GeneDx,claim,neither,6,6,1.0,True,False,2024-12-13,2025-10-17,308.0,"GeneDx | Women's Health and Genetics/Laboratory Corporation of America, LabCorp"
1073780,LZTR1,"Labcorp Genetics (formerly Invitae), Labcorp",GeneDx,neither,neither,10,10,0.8181818181818182,False,False,2026-01-21,2026-01-22,1.0,"GeneDx | Labcorp Genetics (formerly Invitae), Labcorp"
1354445,LZTR1,"Variantyx, Inc.","Labcorp Genetics (formerly Invitae), Labcorp",neither,neither,10,10,1.0,True,False,2025-09-25,2025-10-29,34.0,"Labcorp Genetics (formerly Invitae), Labcorp | Variantyx, Inc."
1754034,LZTR1,GeneDx,"Labcorp Genetics (formerly Invitae), Labcorp",neither,neither,10,11,0.9090909090909091,False,True,2024-06-06,2025-09-24,475.0,"GeneDx | Labcorp Genetics (formerly Invitae), Labcorp"
1761188,LZTR1,GeneDx,"Labcorp Genetics (formerly Invitae), Labcorp",neither,neither,12,12,0.8461538461538461,False,False,2025-09-16,2025-12-23,98.0,"GeneDx | Labcorp Genetics (formerly Invitae), Labcorp"
