VariationID,gene,Submitter,tier1,claim_sents
8274,MAP2K2,ClinGen RASopathy Variant Curation Expert Panel,False,"['Western blot assay in Ba/F3 cells showed that the variant activated ERK signaling while the wildtype did not (PS3_Supporting, PMID: 30867592).']"
13326,PTPN11,"Institute for Genomic Medicine (IGM) Clinical Laboratory, Nationwide Children's Hospital",False,"['[ACMG/AMP/ClinGen RASopathy: PS2_VeryStrong, PS3, PS4, PP1_Strong, PM1, PP2, PP3] This alteration is de novo in origin as it was not detected in the submitted parental specimens (identity confirmed) [PS2_VeryStrong], is supported by well-established in vitro or in vivo functional studies to have a damaging effect on protein function or splicing [PS3], has a prevalence that is significantly increased compared with controls (RR/OR > 5;']"
13333,PTPN11,GeneDx,True,"['Published functional studies demonstrate that Y63C perturbs the autoinhibitory interaction between the N-SH2 and protein-tyrosine phosphatase domains, which is required to maintain SHP2 in its catalytically inactive state (Martinelli et al., 2012);']"
13902,NRAS,"Laboratory for Molecular Medicine, Mass General Brigham Personalized Medicine",False,"['However, this in vitro assay may not accurately represent biological function.']"
13957,RAF1,"Women's Health and Genetics/Laboratory Corporation of America, LabCorp",False,"['Several publications reported experimental evidence evaluating an impact on protein function, demonstrating increased kinase activity (Razzaque 2007), increased activation of MEK and ERK (Lee 2011) and altered signaling in cardiomyocytes consistent with that observed in cardiac hypertrophy (Dhandapany 2011). 11 clinical diagnostic laboratories have submitted clinical-significance assessments for this variant to ClinVar after 2014 without evidence for independent evaluation.']"
40370,BRAF,ClinGen RASopathy Variant Curation Expert Panel,True,"['A functional assay has been performed on this variant, but given that it is not currently an approved assay outlined by the RASopathy VCEP, it has not been assessed for PS3 at this time (PMID:16474404).']"
40448,HRAS,"Laboratory for Molecular Medicine, Mass General Brigham Personalized Medicine",False,"['Functional studies suggest the Pro174Ser vari ant would not significantly impact HRAS signaling (Yong 2011).', 'However, this in vitro assay may not accurately represent biological function.']"
40482,PTPN11,GeneDx,False,"['Published functional studies demonstrate a significant increase in phosphopeptide binding affinity without greatly altering binding specificity or secondary structure of the domain (Keilhack et al., 2005;']"
40499,PTPN11,"Women's Health and Genetics/Laboratory Corporation of America, LabCorp",False,"['In addition, multiple clinical diagnostic laboratories classify the variant as ""likely pathogenic/pathogenic."" No well-established functional studies supportive of a damaging effect on the protein product have been published.']"
40525,PTPN11,Ambry Genetics,False,['Functional analysis demonstrated that the p.I282V alteration perturbs the stability of the N-SH2/PTP interaction required to maintain SHP2 in its catalytically inactive conformation.']
40557,PTPN11,"Women's Health and Genetics/Laboratory Corporation of America, LabCorp",True,"['To our knowledge, no variant specific experimental evidence demonstrating an impact on protein function has been reported.']"
40603,RAF1,"Women's Health and Genetics/Laboratory Corporation of America, LabCorp",False,['At least one publication reports experimental evidence evaluating an impact on protein function and found the variant results in increased RAF1 kinase activity in the absence of stimulation (e.g.']
40605,RAF1,"Laboratory for Molecular Medicine, Mass General Brigham Personalized Medicine",False,"['However, these in vitro assays may not accurately represent biological function.']"
40679,SOS1,GeneDx,False,['Published functional studies demonstrate that the variant does not result in significantly increased pERK levels but does cause an increased RAS exchange rate (PMID: 23487764);']
40728,SOS1,"Women's Health and Genetics/Laboratory Corporation of America, LabCorp",False,"['In a functional study, the variant was found to have an increased affinity for the plasma membrane compared to the wild type protein and was associated with an increase in RAS signalling (Nakamura_2017), however, these findings do not necessarily allow for strong conclusions about the variant effect.']"
44587,MAP2K1,"Women's Health and Genetics/Laboratory Corporation of America, LabCorp",False,"['One publication reports experimental evidence evaluating an impact on protein function, however, does not allow convincing conclusions about the variant effect (example, Jindal_2016).']"
44587,MAP2K1,ClinGen RASopathy Variant Curation Expert Panel,True,"['Experimental studies for this variant are conflicting with in vitro kinase assays showing hardly any detectable phosphorylation of ERK1 substrate, similar to wild-type MEK1, while an in vivo study using mRNA microinjection of mutant into zebrafish embryo showed slightly higher oval shape aspect ratio at 11 hpf than wild-type (PS3 not applied, PMID: 28049852, 29753091).']"
44599,PTPN11,"Labcorp Genetics (formerly Invitae), Labcorp",False,['Experimental studies have shown that this missense change does not substantially affect PTPN11 function (PMID: 15987685).']
44631,RAF1,"Laboratory for Molecular Medicine, Mass General Brigham Personalized Medicine",True,"['In summary, this variant is likely to be pathogenic, though segregation studies and functional analyses are required to fully establish the pathogenicity of this variant.']"
44806,BRAF,"Laboratory for Molecular Medicine, Mass General Brigham Personalized Medicine",True,"['In summary, this variant is likely to be pathogenic, though segregat ion studies and functional analyses are required to fully establish the pathogen icity of this variant.']"
45348,SOS1,"Women's Health and Genetics/Laboratory Corporation of America, LabCorp",False,['Experimental evidence evaluating an impact on protein function demonstrated the variant does not induce Erk1 phosphorylation above the level of the wild type.']
60509,RIT1,"Laboratory for Molecular Medicine, Mass General Brigham Personalized Medicine",False,"['In vitro functional studies provide conflicting evidence on the impact of the p.Gly112Ala variant on protein function (Aoki 2013, Chen 2014), but these types of assays may not accu rately represent biological function.']"
101035,LZTR1,Ambry Genetics,False,"['Functional analysis demonstrated that this variant shows decreased binding to panRAS and reduced co-localization with NRAS; however, there is no direct evidence that this alteration affects RAS ubiquination and thus, RAS activation (Steklov M et al.']"
101036,LZTR1,"Clinical Genomics Laboratory, Stanford Medicine",False,"['Functional studies of this variant have been reported; however, it is currently unclear if this would be sufficientto be disease-causing (Steklov et al., 2018).']"
142298,RAF1,Ambry Genetics,True,"['Functional studies suggest the variant had kinase activities that were mildly increased; however, additional evidence is needed to confirm this finding (Dhandapany PS et al.']"
162463,SOS1,"Laboratory for Molecular Medicine, Mass General Brigham Personalized Medicine",False,['Studies have shown that the Tyr3 37Cys variant may impact protein function by increasing its activity though thes e results are inconclusive and these in vitro assays may not accurately represen t biological function (Smith 2013).']
162463,SOS1,"Women's Health and Genetics/Laboratory Corporation of America, LabCorp",False,"['At least 2 publications report experimental evidence evaluating an impact on protein function, however, do not allow convincing conclusions about the variant effect (Roberts_2007, Smith_2013).']"
162463,SOS1,Ambry Genetics,True,"['In vitro studies by one group suggested this variant had no functional impact, while studies from a second group reported some increase in pERK compared to wild type (Roberts AE et al.']"
177778,NRAS,"Laboratory for Molecular Medicine, Mass General Brigham Personalized Medicine",False,['Functional studies have show n the Gly12Ser variant causes constitutive NRAS signaling in the absence of grow th factor (Cirstea 2010).']
180052,KRAS,"Laboratory for Molecular Medicine, Mass General Brigham Personalized Medicine",False,"['Functional studies provide some evidence that mice lacking this alternate t ranscript were viable, fertile, and showed no histopathological abnormalities (P lowman 2003).']"
181528,SHOC2,ClinGen RASopathy Variant Curation Expert Panel,True,"['ERK phosphorylation assays showed that this variant decreases the ability of SHOC2 to accelerate ERK1/2 phosphorylation (PS3 not met, PMID: 25137548).']"
209088,LZTR1,"Department of Precision Medicine, Korea National Institute of Health",False,"['PS3 (ClinVar classifies this variant as Likely Pathogenic, 3 stars, backed by functional studies, and also citing 7 articles), PM1 (Hot-spot of length 17 amino-acids has 45 missense/in-frame variants (10 pathogenic variants, 35 uncertain variants, and no benign), which qualifies as moderate pathogenic.) PM5 (3 pathogenic alternative variants identified.), PP3 (MetaRNN = 0.915), PM2 (Variant not found in gnomAD)']"
228288,RAF1,"Laboratory for Molecular Medicine, Mass General Brigham Personalized Medicine",False,"['In vitro functional studies suggest that decreased phospho rylation of the wildtype Serine (Ser) at position 259 may impact protein functio n (Kobayashi 2009); however, these types of assays may not accurately represent biological function.']"
228288,RAF1,"Women's Health and Genetics/Laboratory Corporation of America, LabCorp",False,"['Functional studies, Kobayashi_2010 and Pandit_2007, indicate that Ser259 is a phosphorylation site that plays a key role in RAF1 regulation, although the variant of interest was not directly evaluated.']"
228289,RIT1,"Laboratory for Molecular Medicine, Mass General Brigham Personalized Medicine",False,"['In vitro functional studies suggest that this variant promotes ERK activation (Chen 2014); however, these assays may not accurately re present biological function.']"
290127,SOS1,Ambry Genetics,True,"['Functional studies suggest this variant may impact ERK expression; however, additional evidence is needed to confirm this finding (Cowan JR et al.']"
373090,SHOC2,GeneDx,False,"['Another variant at this residue, M173I, has been published in association with a RASopathy and in vitro functional studies demonstrated that the variant results in altered SHOC2 function; however, this variant was inherited from a parent lacking clear RASopathy-specific clinical features (Hannig et al., 2014).']"
380683,RAF1,"Labcorp Genetics (formerly Invitae), Labcorp",False,['Experimental studies have shown that this missense change does not substantially affect RAF1 function (PMID: 20052757).']
496312,SOS1,"Women's Health and Genetics/Laboratory Corporation of America, LabCorp",False,"['Functional studies showed no or very mild activation of RAS-ERK pathway (Smith_2013 and Moncini_2015), which may explain the high MAF in population cohorts.']"
496312,SOS1,Ambry Genetics,False,"['In one functional study, this variant was reported to increase ERK phosphorylation; however, a second study did not detect increased ERK activation (Smith MJ et al.']"
504514,RAF1,ClinGen RASopathy Variant Curation Expert Panel,True,"['A functional assay has been performed on c.775T>G (p.Ser259Ala), but given that it is not currently an approved assay outlined by the RASopathy VCEP, it has not been assessed for PS3 at this time (PMID:23391722).']"
505777,KRAS,"Laboratory for Molecular Medicine, Mass General Brigham Personalized Medicine",False,"['Functional studies provide some evidence that mice lacking thi s alternate transcript are viable, fertile, and show no histopathological abnorm alities (Plowman 2003).']"
522800,LZTR1,"Labcorp Genetics (formerly Invitae), Labcorp",False,['RNA analysis indicates that this variant induces altered splicing and may result in an absent or altered protein product.']
546129,SHOC2,GeneDx,False,"['Same amino acid substitution caused by a different nucleotide change (c.519G>A) has been reported in an individual with features consistent with a RASopathy; however, this variant was inherited from an apparently unaffected parent, and functional studies did not conclusively demonstrate a significant effect on protein function (PMID: 25137548);', 'Published functional studies demonstrate that this variant likely results in a gain of function and upregulates ERK pathway by selectively promoting phosphatase complex formation with MRAS and PP1, however results did not conclusively demonstrate a significant effect on protein function compared to wildtype (PMID: 30348783);']"
549752,LZTR1,Ambry Genetics,False,"['An in vitro functional assay indicated that this variant results in a partial reduction in protein expression; however, the clinical relevance of the observed level of reduction is unclear (Pagnamenta AT et al.']"
561350,NRAS,"Labcorp Genetics (formerly Invitae), Labcorp",False,['Experimental studies have shown that this missense change does not substantially affect NRAS function (PMID: 34117033).']
561500,PTPN11,GeneDx,True,"['While a functional study suggested that L43F may result in a protein with increased binding affinity, further evidence is needed to verify this finding (PMID: 39012820);']"
561502,SOS1,GeneDx,False,"['However, functional analysis demonstrates the P894R variant does not significantly alter Erk phosphorylation or RAS exchange rate compared to wildtype controls, suggesting this variant does not alter SOS1 protein function (Smith et al., 2013).']"
561716,LZTR1,"PreventionGenetics, part of Exact Sciences",False,"['In vitro functional studies showed that this variant does not induce the activation of ERK- or ELK-mediated transactivation (Figure S2, Umeki et al. 2019.']"
561716,LZTR1,"Women's Health and Genetics/Laboratory Corporation of America, LabCorp",False,"['At least one publication reports experimental evidence evaluating an impact on protein function, however, does not allow convincing conclusions about the variant effect (Umeki_2019).']"
575203,PTPN11,ClinGen RASopathy Variant Curation Expert Panel,True,['A functional assay performed on this variant does not meet approved RASopathy VCEP guidelines for criteria application (PS3 not met;']
577778,RIT1,"Women's Health and Genetics/Laboratory Corporation of America, LabCorp",False,"['One publication reports experimental evidence evaluating an impact on protein function in vitro, however, does not allow convincing conclusions about the variant effect (example, Berger_2014).']"
636263,SOS1,ClinGen RASopathy Variant Curation Expert Panel,True,"['In vitro functional studies provide some evidence that the p.Phe623Glu variant may impact protein function, however this assay has not been defined by the ClinGen RASopathy Expert panel as criteria for PS3 (PS3 not met;']"
804174,PTPN11,"Department of Human Genetics, University Hospital Magdeburg",False,"['Biochemical and functional studies show an activating effect, but not as strongly as for the Q257dup mutation.']"
804174,PTPN11,GeneDx,False,"['Published functional studies demonstrate that the Q257del variant enhances phosphatase activation/phosphorylation under the influence of the activating BTAM peptide in E.coli and EGF stimulation in HEK293 cells but not independently (Martinelli et al., 2020);']"
842122,RAF1,Ambry Genetics,False,"['An indirect in vitro functional assay suggested this variant may result in a slight activation of RAF1 enzymatic activity, but the physiological relevance of the result is unclear (Winkler DG et al.']"
847909,LZTR1,Ambry Genetics,False,['RNA studies have demonstrated that this alteration results in a splice defect; the clinical impact of this abnormal splicing is unknown at this time (Ambry internal data).']
855590,LZTR1,GeneDx,False,"['Published functional studies demonstrate no impact on protein level, localization and ERK phosphorylation modulation (Motta et al., 2021);']"
872339,LZTR1,"Labcorp Genetics (formerly Invitae), Labcorp",False,['RNA analysis indicates that disruption of this splice site induces altered splicing and may result in an absent or altered protein product.']
978848,PTPN11,GeneDx,False,"['Published functional studies suggest this variant results in MAPK pathway activation and disruption of angiogenesis; however, some measures of mRNA expression and phosphorylation were not statistically significant (PMID: 36566878);']"
1024818,HRAS,"Labcorp Genetics (formerly Invitae), Labcorp",False,['Experimental studies have shown that this missense change does not substantially affect HRAS function (PMID: 21403836).']
1058193,BRAF,"Labcorp Genetics (formerly Invitae), Labcorp",False,['Experimental studies have shown that this missense change does not substantially affect BRAF function (PMID: 31158244).']
1066305,LZTR1,"Rady Children's Institute for Genomic Medicine, Rady Children's Hospital San Diego",False,"['In personal communication with RCIGM, Ambry Genetics reported their RNA analysis confirmed aberrant RNA splicing associated with this variant in an individual with a left acoustic neuroma and left facial schwannoma, without detected NF2 or SMARCB1 variants.']"
1070042,NRAS,GeneDx,False,"['Published in vitro functional studies demonstrate enhanced ERK and AKT activation in the absence of stimulation, consistent with a gain-of-function mechanism (PMID: 28594414);']"
1158766,LZTR1,"Women's Health and Genetics/Laboratory Corporation of America, LabCorp",False,['The authors reported biparental inheritance and a likely pathogenic classification for this variant (ACMG PS3 and PM2 engaged) based on a transcript lacking exon 4 resulting in a premature stop codon (p.Arg108Glyfs*11).']
1424722,MAP2K1,GeneDx,True,"['In vitro studies show that this variant behaves like wild-type in terms of focus formation and sensitivity to BRAF and MEK inhibitors; however, additional studies are needed (PMID: 36442478);']"
1484880,LZTR1,"Labcorp Genetics (formerly Invitae), Labcorp",False,['RNA analysis indicates that disruption of this splice site induces altered splicing and may result in an absent or altered protein product.']
1514645,LZTR1,Ambry Genetics,False,"['However, RNA studies have demonstrated that this alteration may result in an incomplete splice defect; the clinical impact of this abnormal splicing is unknown at this time (Ambry internal data).']"
1696415,LZTR1,"Labcorp Genetics (formerly Invitae), Labcorp",False,['RNA analysis indicates that this missense change induces altered splicing and may result in an absent or altered protein product.']
1708361,NRAS,"Labcorp Genetics (formerly Invitae), Labcorp",False,['Experimental studies have shown that this missense change does not substantially affect NRAS function (PMID: 34117033).']
1730409,LZTR1,Ambry Genetics,False,"['However, RNA studies have demonstrated that this alteration may result in an incomplete splice defect; the clinical impact of this abnormal splicing is unknown at this time (Ambry internal data).']"
1731632,LZTR1,Ambry Genetics,False,"['However, RNA studies demonstrate that this alteration results in an incomplete splice defect, although the clinical impact of this abnormal splicing is unclear at this time (Ambry internal data).']"
1731828,LZTR1,Ambry Genetics,False,"['In silico splice site analysis predicts that this alteration will not have any significant effect on splicing; however, RNA studies have demonstrated that this alteration results in abnormal splicing in the set of samples tested (Ambry internal data).']"
1734466,LZTR1,Ambry Genetics,False,"['However, RNA studies have demonstrated that this alteration results in an incomplete splice defect; the clinical impact of this abnormal splicing is unknown at this time (Ambry internal data).']"
1735578,LZTR1,Ambry Genetics,False,['RNA studies have demonstrated that this alteration results in an incomplete splice defect; the clinical impact of this abnormal splicing is unknown at this time (Ambry internal data).']
1748905,LZTR1,Ambry Genetics,False,['RNA studies have demonstrated that this alteration results in an incomplete splice defect; the clinical impact of this abnormal splicing is unknown at this time (Ambry internal data).']
1763885,LZTR1,Ambry Genetics,False,"['Limited functional studies using cDNA constructs showed no significant difference in protein stability from wild type protein; however, studies examining the impact of this variant on subcellular localization, binding to cullin 3 (CUL3), and mitogen-associated protein kinase (MAPK) signaling were not conducted (Motta M et al.']"
1770388,RAF1,Ambry Genetics,False,['Functional studies by the same group indicated that this variant did not result in enhanced kinase activity or stimulation of phosphorylation of MEK and ERK (Zebisch A et al.']
1777571,LZTR1,Ambry Genetics,False,['RNA studies have demonstrated that this alteration results in an incomplete splice defect; the clinical impact of this abnormal splicing is unknown at this time (Ambry internal data).']
1780107,LZTR1,Ambry Genetics,False,['RNA studies have demonstrated that this alteration results in an incomplete splice defect; the clinical impact of this abnormal splicing is unknown at this time (Ambry internal data).']
1780767,LZTR1,Ambry Genetics,False,['RNA studies have demonstrated that this alteration results in a splice defect; the clinical impact of this abnormal splicing is unknown at this time (Ambry internal data).']
1788955,LZTR1,Ambry Genetics,True,"['Functional studies suggest this variant showed a functionally normal result; however, additional evidence is needed to confirm this finding (Zipper L et al.']"
1938166,LZTR1,Ambry Genetics,False,"['However, RNA studies have demonstrated that this alteration results in an incomplete splice defect; the clinical impact of this abnormal splicing is unknown at this time (Ambry internal data).']"
2138418,LZTR1,Ambry Genetics,False,['RNA studies have demonstrated that this alteration results in a splice defect; the clinical impact of this abnormal splicing is unknown at this time (Ambry internal data).']
2194798,RAF1,"Labcorp Genetics (formerly Invitae), Labcorp",False,['Experimental studies have shown that this missense change does not substantially affect RAF1 function (PMID: 12925535).']
2429202,BRAF,"Women's Health and Genetics/Laboratory Corporation of America, LabCorp",False,"['One publication reports experimental evidence evaluating an impact on protein function, however, does not allow convincing conclusions about the variant effect (Dai_202).']"
2457227,LZTR1,Ambry Genetics,False,"['However, RNA studies have demonstrated that this alteration may result in an incomplete splice defect; the clinical impact of this abnormal splicing is unknown at this time (Ambry internal data).']"
2457675,LZTR1,"Labcorp Genetics (formerly Invitae), Labcorp",False,['RNA analysis indicates that this variant induces altered splicing and may result in an absent or disrupted protein product.']
2730927,LZTR1,"Labcorp Genetics (formerly Invitae), Labcorp",False,['RNA analysis indicates that disruption of this splice site induces altered splicing and may result in an absent or altered protein product.']
2856824,LZTR1,Ambry Genetics,False,['RNA studies have demonstrated that this alteration results in a splice defect involving exons excluded from naturally occurring transcripts; the clinical impact of this abnormal splicing is unknown at this time (Ambry internal data).']
2889841,LZTR1,Ambry Genetics,False,['RNA studies have demonstrated that this variant results in a splice defect; the clinical impact of this abnormal splicing is unknown at this time (Ambry internal data).']
3222900,RAF1,Ambry Genetics,True,"['Functional studies by one group suggest this variant may not impact Raf kinase activity; however, additional evidence is needed to confirm this finding (Chong H et al.']"
3238132,LZTR1,Ambry Genetics,False,"['However, RNA studies have demonstrated that this alteration results in a splice defect; the clinical impact of this abnormal splicing is unknown at this time (Ambry internal data).']"
3238174,LZTR1,Ambry Genetics,False,"['However, RNA studies have demonstrated that this alteration results in a splice defect, although the clinical impact of this abnormal splicing is unknown at this time (Ambry internal data).']"
3238177,LZTR1,Ambry Genetics,False,['RNA studies have demonstrated that this alteration results in a splice defect; the clinical impact of this abnormal splicing is unknown at this time (Ambry internal data).']
3238233,LZTR1,Ambry Genetics,False,"['In silico splice site analysis predicts that this alteration will not have any significant effect on splicing; however, RNA studies have demonstrated that this alteration results in abnormal splicing in the set of samples tested (Ambry internal data).']"
3238309,LZTR1,Ambry Genetics,False,"['In silico splice site analysis predicts that this alteration will not have any significant effect on splicing; however, RNA studies have demonstrated that this alteration results in abnormal splicing in the set of samples tested (Ambry internal data).']"
3238379,LZTR1,Ambry Genetics,False,"['RNA studies have demonstrated that this alteration results in a splice defect; however, the clinical impact of this abnormal splicing is unknown at this time (Ambry internal data).']"
3869293,LZTR1,Ambry Genetics,False,['RNA studies have demonstrated that this alteration results in a splice defect; the clinical impact of this abnormal splicing is unknown at this time (Ambry internal data).']
4101815,LZTR1,Ambry Genetics,False,['RNA studies have demonstrated that this alteration results in an incomplete splice defect; the clinical impact of this abnormal splicing is unknown at this time (Ambry internal data).']
