VariationID,pmid,strict,loose,claim_sent,den_sub
101034,24362817,False,False,1,0
101034,27921248,False,False,0,0
101034,29409008,False,False,0,0
101034,31128261,False,False,0,0
101034,31438995,False,False,0,0
101035,24362817,False,False,1,0
101035,30442762,False,False,5,0
101035,30442766,False,False,4,0
101036,24362817,False,False,0,0
101036,25480913,False,False,0,0
101036,29469822,False,False,0,0
101036,30442762,False,False,2,0
101036,30859559,False,False,0,0
101036,33644862,False,False,0,0
101036,37436963,False,False,0,0
101036,38413718,False,False,0,0
101036,38434521,False,False,0,0
101036,39003740,False,False,0,0
101037,24362817,False,False,0,0
101038,24362817,False,False,0,0
101038,30442762,False,False,1,0
101038,31219622,False,False,0,0
1015410,29409008,False,False,0,2
1015410,31370276,False,False,0,1
1017977,28191889,False,False,0,1
1021020,23917401,False,False,1,0
1021020,30442766,False,False,1,0
1028561,34853893,False,False,0,0
1034312,28191889,False,False,0,0
1034315,24362817,False,False,0,0
1052307,25335493,False,False,0,2
1052307,29469822,False,False,0,1
1053328,36110220,False,False,0,2
1055416,32004086,False,False,0,0
1066305,24362817,False,False,0,0
1066305,25335493,False,False,0,0
1066305,25480913,False,False,0,0
1067576,33084842,False,False,0,0
1070042,28594414,False,False,3,0
1073645,39140257,False,False,0,1
1073645,39150540,False,False,0,1
1073780,24362817,False,False,0,0
1073780,25335493,False,False,0,0
1073780,25480913,False,False,0,0
1073780,25795793,False,False,0,0
1073780,29469822,False,False,0,0
1073780,30442762,False,False,0,0
1073780,30442766,False,False,0,0
1073780,30481304,False,False,0,0
1073780,30859559,False,False,0,0
1098770,24362817,False,False,0,1
1098836,39140257,False,False,0,0
1158766,34184824,False,False,1,0
1184719,29493581,False,False,0,1
1184916,25008767,False,False,0,0
1184916,25335493,False,False,0,0
1184933,29469822,False,False,1,0
1188709,30859559,False,False,0,0
1194782,18470943,False,False,1,0
1194782,30896080,False,False,0,0
1198633,31368652,False,False,0,0
1198685,31182298,False,False,0,0
120246,17603482,False,False,0,0
120246,17603483,False,False,0,0
120246,20052757,False,False,0,0
120246,20679480,False,False,2,0
120250,23791108,False,False,0,0
120250,24896146,False,False,0,0
1206143,28191889,False,False,0,1
1206143,29469822,False,False,0,2
1206143,35258168,False,False,0,1
1206143,35979676,False,False,0,2
1209208,16170316,False,False,0,0
1209208,24224811,False,False,1,0
1209208,27195699,False,False,0,0
12578,16051643,False,False,1,0
12580,25808193,False,False,0,0
12582,15093544,False,False,1,0
12582,20805368,False,False,0,0
12582,22683711,False,False,0,0
12582,23096712,False,False,0,0
12582,26521233,False,False,0,0
12582,29298116,False,False,1,0
12582,29493581,False,False,0,0
12582,30394973,False,False,0,0
12583,17704260,False,False,0,0
12583,20949621,False,False,2,0
12584,17704260,False,False,0,0
12584,22683711,False,False,0,0
12584,23096712,False,False,0,0
12584,26242988,False,False,0,0
12584,26521233,False,False,0,0
12586,16474404,False,False,0,0
12586,20949621,False,False,3,0
12586,29493581,False,False,0,0
12587,16474404,False,False,1,0
12587,16474405,False,False,0,0
12587,16773572,False,False,0,0
12587,17056636,False,False,0,0
12587,17875937,False,False,1,0
12587,18456719,False,False,0,0
12587,20949621,False,False,2,0
12587,21062266,False,False,0,0
12587,21871821,False,False,0,0
12587,24703799,False,False,0,0
12588,16474405,False,False,2,0
12588,16921267,False,False,1,0
12588,19396835,False,False,0,0
12588,20949621,False,False,3,0
12588,23321623,False,False,1,0
12588,29493581,False,False,1,0
12589,16474405,False,False,1,0
12589,17056636,False,False,0,0
12589,17704260,False,False,0,0
12589,17875937,False,False,1,0
12589,18958496,False,False,0,0
12589,19020799,False,False,0,0
12589,20949621,False,False,3,0
12589,24803665,False,False,1,0
12590,16474405,False,False,0,0
12590,17056636,False,False,0,0
12590,20949621,False,False,1,0
12596,17056636,False,False,0,0
12596,17468812,False,False,0,0
12596,17704260,False,False,0,0
12596,24037001,False,False,0,0
12597,16474404,False,False,0,0
12597,19396835,False,False,0,0
12597,26242988,False,False,0,0
12597,28650561,False,False,0,0
12597,30732632,False,False,0,0
12600,16170316,False,False,0,0
12600,22495892,False,False,0,0
12600,23487764,False,False,2,0
12600,24224811,False,False,3,0
12602,16170316,False,False,0,0
12602,16329078,False,False,0,0
12602,16372351,False,False,0,0
12602,16443854,False,False,0,0
12602,16835863,False,False,0,0
12602,16881968,False,False,0,0
12602,16969868,False,False,0,0
12602,17054105,False,False,0,0
12602,17412879,False,False,2,0
12602,18039947,False,False,0,0
12602,19206176,False,False,0,0
12602,19371735,False,False,0,0
12602,19669404,False,False,0,0
12602,20301680,False,False,0,0
12602,20660566,False,False,0,0
12602,20979192,False,False,0,0
12602,21834037,False,False,0,0
12602,21850009,False,False,0,0
12602,22317973,False,False,0,0
12602,23751039,False,False,0,0
12602,27195699,False,False,0,0
12602,29493581,False,False,1,0
12602,31222966,False,False,0,0
12603,16170316,False,False,0,0
12603,16372351,False,False,0,0
12603,16443854,False,False,0,0
12603,16835863,False,False,0,0
12603,17601930,False,False,0,0
12603,17979197,False,False,2,0
12603,18042262,False,False,0,0
12603,20979192,False,False,0,0
12603,21834037,False,False,0,0
12603,21850009,False,False,2,0
12603,22317973,False,False,0,0
12603,22420426,False,False,0,0
12603,23751039,False,False,0,0
12603,24224811,False,False,2,0
12603,28027064,False,False,0,0
12604,16170316,False,False,0,0
12604,21850009,False,False,2,0
12604,28371260,False,False,0,0
12604,32732226,False,False,1,0
12604,34958143,False,False,1,0
12605,16155195,False,False,0,0
12605,16443854,False,False,0,0
12605,17979197,False,False,2,0
12605,21850009,False,False,2,0
12605,32313153,False,False,0,0
12606,16329078,False,False,0,0
12606,16372351,False,False,0,0
12606,21438134,False,False,0,0
12606,21850009,False,False,2,0
12606,29493581,False,False,0,0
12610,18247425,False,False,0,0
12610,22488832,False,False,0,0
12610,23321623,False,False,0,0
12610,26888048,False,False,0,0
12610,29493581,False,False,0,0
12612,18039947,False,False,0,0
12612,18642361,False,False,0,0
12612,21850009,False,False,2,0
12612,22926243,False,False,0,0
12612,24224811,False,False,0,0
12612,26916728,False,False,0,0
12612,27102959,False,False,0,0
12612,35050212,False,False,0,0
12613,16443854,False,False,0,0
12613,18039947,False,False,0,0
12613,21850009,False,False,1,0
12613,22926243,False,False,0,0
12613,31394527,False,False,0,0
12869,17143285,False,False,0,1
12869,18678287,False,False,0,1
12869,19020799,False,False,0,1
12869,19077116,False,False,0,0
12869,19953625,False,False,0,1
12869,21387466,False,False,0,0
12869,22420426,False,False,0,0
12869,23665959,False,False,0,0
12869,23885229,False,False,0,0
12870,17143282,False,False,1,0
12870,17143285,False,False,2,0
12870,17586837,False,False,1,0
12870,18854871,False,False,1,0
12870,19020799,False,False,0,0
12870,21387466,False,False,1,0
12870,22420426,False,False,0,0
12870,23885229,False,False,0,0
12870,29493581,False,False,0,0
12871,17143282,False,False,7,0
12871,17143285,False,False,3,0
12871,17586837,False,False,1,0
12871,18854871,False,False,1,0
12871,19352411,False,False,0,0
12871,19953625,False,False,0,0
12871,20493809,False,False,3,0
12871,21340158,False,False,1,0
12871,21387466,False,False,1,0
12871,22465605,False,False,1,0
12871,23487764,False,False,3,0
12871,24522193,False,False,1,0
12871,25073238,False,False,0,0
12871,28957739,False,False,1,0
12871,29493581,False,False,1,0
12872,17143282,False,False,0,0
12872,17586837,False,False,0,0
12872,18651097,False,False,0,0
12872,18854871,False,False,0,0
12872,19020799,False,False,0,0
12872,19352411,False,False,0,0
12872,21387466,False,False,0,0
12872,22190897,False,False,0,0
12872,23885229,False,False,0,0
12872,24037001,False,False,0,0
12872,29493581,False,False,0,0
1304020,30859559,False,False,0,1
1304020,36252119,False,False,0,1
1308414,29469822,False,False,0,0
1318017,26607044,False,False,0,0
1318017,28049852,False,False,1,0
1319829,30859559,False,False,0,0
1324583,19206169,False,False,1,0
1324695,29409008,False,False,0,0
13324,11704759,False,False,0,0
13324,11992261,False,False,0,0
13324,12161469,False,False,0,0
13324,14974085,False,False,1,0
13324,16053901,False,False,0,0
13324,16399795,False,False,1,0
13324,17177198,False,False,0,0
13324,17339163,False,False,0,0
13324,26918529,False,False,0,0
13324,31560489,False,False,0,0
13324,32164556,False,False,0,0
13324,33318624,False,False,0,0
13325,11704759,False,True,1,1
13325,11992261,False,False,0,0
13325,12960218,False,True,1,1
13325,15001945,False,False,1,0
13325,15928039,False,False,0,1
13325,15956085,False,True,1,1
13325,19020799,False,False,1,0
13325,21784453,False,False,0,1
13325,26918529,False,False,0,0
13325,31219622,False,False,0,0
13326,11704759,False,False,0,0
13326,11992261,False,False,0,0
13326,14974085,False,False,5,0
13326,15001945,False,False,0,0
13326,15834506,False,False,1,0
13326,15987685,False,False,3,0
13326,16358218,False,False,1,0
13326,16399795,False,False,1,0
13326,19509418,False,False,4,0
13326,20308328,False,False,5,0
13326,20979190,False,False,0,0
13326,21340158,False,False,0,0
13326,21407260,False,False,0,0
13326,21567923,False,False,0,0
13326,22465605,False,False,0,0
13326,23726368,False,False,0,0
13326,24628801,False,False,1,0
13326,25912702,False,False,0,0
13326,27521173,False,False,0,0
13326,28483241,False,False,0,0
13326,28650561,False,False,0,0
13326,28957739,False,False,0,0
13327,11704759,False,False,0,0
13327,11992261,False,False,0,0
13327,15987685,False,False,1,0
13327,16358218,False,False,0,0
13327,19077116,False,False,0,0
13327,20718194,False,False,0,0
13327,22781091,False,False,0,0
13327,24451042,False,False,0,0
13327,25595571,False,False,0,0
13327,25912702,False,False,0,0
13327,26817465,False,False,0,0
13327,29084544,False,False,0,0
13327,29907801,False,False,0,0
13328,11992261,False,False,0,0
13328,12161596,False,False,0,0
13328,15121796,False,False,0,0
13328,15520399,False,False,0,0
13328,16377799,False,False,2,0
13328,16638574,False,False,1,0
13328,18372317,False,False,2,0
13328,18849586,False,False,1,0
13328,19768645,False,False,0,0
13328,21339643,False,False,1,0
13328,22822385,False,False,0,0
13328,23673659,False,False,1,0
13328,24401936,False,False,0,0
13328,24775816,False,False,0,0
13328,24820750,False,False,0,0
13328,24935154,False,False,0,0
13328,25731833,False,False,0,0
13328,25917897,False,False,0,0
13328,28483241,False,False,0,0
13328,29493581,False,False,0,0
13329,11992261,False,False,0,0
13329,12325025,False,False,0,0
13329,15240615,False,False,0,0
13329,16358218,False,False,0,0
13329,17020470,False,False,0,0
13329,17339163,False,False,0,0
13329,19020799,False,False,0,0
13329,19077116,False,False,0,0
13329,19352411,False,False,0,0
13329,22711529,False,False,4,0
13329,25533962,False,False,0,0
13329,26817465,False,False,0,0
13329,28135719,False,False,0,0
13329,28191890,False,False,0,0
13329,28991257,False,False,0,0
13329,29493581,False,False,1,0
13329,29555671,False,False,0,0
13329,29907801,False,False,0,0
13329,31560489,False,False,0,0
13329,32164556,False,False,0,0
13330,11704759,False,False,1,0
13330,11992261,False,False,0,0
13330,12634870,False,False,0,0
13330,15273746,False,False,3,0
13330,15928039,False,False,0,0
13330,15987685,False,False,3,0
13330,16377799,False,False,1,0
13330,19008228,False,False,2,0
13330,20651068,False,False,0,0
13330,23321623,False,False,1,0
13330,24718990,False,False,0,0
13330,26242988,False,False,1,0
13330,26918529,False,False,0,0
13330,32164556,False,False,0,0
13331,12058348,False,False,1,0
13331,15520399,False,False,1,0
13331,16377799,False,False,3,0
13331,16638574,False,False,7,0
13331,17935252,False,False,1,0
13331,18372317,False,False,7,0
13331,18849586,False,False,7,0
13331,19174044,False,False,0,0
13331,19864201,False,False,1,0
13331,20301303,False,False,0,0
13331,20308328,False,False,0,0
13331,20883402,False,False,1,0
13331,21910245,False,False,0,0
13331,22555271,False,False,0,0
13331,22585553,False,False,0,0
13331,23457302,False,False,2,0
13331,23813970,False,False,0,0
13331,24767283,False,False,1,0
13331,24935154,False,False,5,0
13331,25884655,False,False,1,0
13331,27238887,False,False,0,0
13331,27659786,False,False,0,0
13331,29493581,False,False,1,0
13331,31560489,False,False,0,0
13331,32164556,False,False,0,0
13332,12325025,False,False,1,0
13332,15834506,False,False,1,0
13332,15928039,False,False,1,0
13332,17020470,False,False,1,0
13332,27521173,False,False,0,0
13332,32164556,False,False,1,0
13333,11704759,False,False,0,0
13333,11992261,False,False,0,0
13333,12325025,False,False,1,0
13333,12634870,False,False,1,0
13333,16498234,False,False,1,0
13333,21407260,False,False,0,0
13333,22711529,False,False,7,0
13333,24219368,False,False,0,0
13333,25156961,False,False,0,0
13333,29493581,False,False,0,0
13333,32164556,False,False,1,0
13333,9491886,False,False,0,0
13334,11992261,False,False,0,0
13334,15928039,False,False,0,0
13334,15987685,False,False,2,0
13334,17339163,False,False,0,0
13334,20383758,False,False,0,0
13334,23446178,False,False,0,0
13334,23832011,False,False,0,0
13334,24718990,False,False,2,0
13334,29493581,False,False,0,0
13334,32164556,False,False,0,0
13335,11992261,False,False,0,0
13335,15240615,False,False,0,0
13335,16358218,False,False,0,0
13335,18470943,False,False,0,0
13335,19020799,False,False,0,0
13335,21106241,False,False,0,0
13335,23321623,False,False,0,0
13335,24183200,False,False,0,0
13335,27030275,False,False,2,0
13335,29907801,False,False,0,0
13335,30732632,False,False,0,0
13335,31219622,False,False,0,0
13335,32164556,False,False,0,0
13335,32668031,False,False,0,0
13336,11704759,False,False,0,0
13336,12634870,False,False,0,0
13336,12717436,False,False,0,0
13336,14644997,False,False,0,0
13336,14974085,False,False,2,0
13336,14982869,False,False,0,0
13336,16830086,False,False,0,0
13336,18678287,False,False,0,0
13336,19509418,False,False,2,0
13336,27783593,False,False,1,0
13338,23756559,False,False,0,0
13338,28098151,False,False,0,0
13340,11704759,False,False,1,0
13340,11992261,False,False,0,0
13340,12529711,False,False,0,0
13340,12634870,False,False,0,0
13340,12960218,False,False,0,0
13340,15834506,False,False,2,0
13340,16166557,False,False,3,0
13340,16358218,False,False,0,0
13340,17020470,False,False,0,0
13340,17641779,False,False,2,0
13340,19017799,False,False,2,0
13340,22848035,False,False,0,0
13340,24803665,False,False,0,0
13340,32164556,False,False,0,0
13341,15384080,False,False,0,0
13342,15389709,False,False,0,0
13342,15470362,False,False,0,0
13342,16377799,False,False,2,0
13342,20493809,False,False,2,0
13342,23799168,False,False,0,0
13342,24718990,False,False,2,0
13342,24935154,False,False,3,0
13342,26918529,False,False,0,0
13342,32573669,False,False,0,0
13342,35885957,False,False,0,0
13342,36304179,False,False,0,0
13343,15121796,False,False,0,0
13343,15389709,False,False,0,0
13343,16358218,False,False,0,0
13343,16377799,False,False,3,0
13343,18678287,False,False,0,0
13343,19020799,False,False,0,0
13343,24718990,False,False,1,0
13343,24935154,False,False,2,0
13343,25937001,False,False,0,0
13343,29602897,False,False,0,0
13344,15520399,False,False,0,0
13344,15690106,False,False,0,0
13344,16638574,False,False,1,0
13344,20308328,False,False,1,0
13344,20578946,False,False,0,0
13345,15948193,False,False,0,0
13345,24775816,False,False,0,0
13345,24939587,False,False,0,0
13345,26817465,False,False,0,0
13345,30919686,False,False,0,0
13345,34704406,False,False,0,0
13346,15211660,False,False,0,0
13346,33167018,False,False,0,0
13349,12960218,False,False,0,1
13349,16358218,False,False,0,0
13349,19449407,False,False,0,1
13349,20186801,False,False,0,0
13349,25337068,False,False,0,1
13349,25862627,False,False,0,1
13349,29907801,False,False,0,0
13349,30693642,False,False,0,0
13349,32963807,False,False,0,0
13351,16439621,False,False,1,0
13351,17551924,False,False,0,0
13351,17981815,False,False,3,0
13351,18042262,False,False,0,0
13351,18413255,False,False,4,0
13351,19156172,False,False,0,0
13351,23093928,False,False,3,0
13351,24637312,False,False,0,0
13351,26350204,False,False,0,0
13351,26795593,False,False,0,0
13351,27862862,False,False,0,0
13351,29493581,False,False,1,0
13351,31618753,False,False,0,0
13351,32335888,False,False,0,0
13351,32369273,False,False,0,0
13352,18042262,False,False,0,0
13352,28049852,False,False,1,0
13352,29493581,False,False,0,0
1343873,33084842,False,False,0,1
135111,20578946,False,False,0,0
1354445,24362817,False,False,0,0
1354445,25335493,False,False,0,0
1354445,25480913,False,False,0,0
1354445,25795793,False,False,0,0
1354445,29469822,False,False,0,0
1354445,30368668,False,False,0,0
1354445,30442762,False,False,0,0
1354445,30442766,False,False,0,0
1354445,30481304,False,False,0,0
1354445,30859559,False,False,0,0
1370567,39140257,False,False,0,0
1381214,35352813,False,False,0,1
1389303,28798025,False,False,0,0
13900,30542204,False,False,1,0
13901,17332249,False,False,0,0
13901,17517660,False,False,2,0
13901,19775298,False,False,0,0
13901,31412876,False,False,0,0
13902,19966803,False,False,3,0
13902,22855653,False,False,0,0
13902,28594414,False,False,0,0
13902,31219622,False,False,0,0
13903,19966803,False,False,4,0
13903,21263000,False,False,1,0
13903,22887781,False,False,0,0
13903,26467218,False,False,0,0
13903,28594414,False,False,0,0
13957,15520807,False,False,0,0
13957,17603482,False,False,5,0
13957,17603483,False,False,0,0
13957,20052757,False,False,2,0
13957,21440552,False,False,0,0
13957,21784453,False,False,0,0
13957,22389993,False,False,0,0
13957,23312806,False,False,0,0
13957,23877478,False,False,0,0
13957,24033266,False,False,0,0
13957,24775816,False,False,0,0
13957,24803665,False,False,0,0
13957,24957944,False,False,0,0
13957,25706034,False,False,0,0
13957,26918529,False,False,0,0
13957,28777121,False,False,0,0
13957,28973083,False,False,0,0
13957,28991257,False,False,0,0
13957,29084544,False,False,0,0
13957,29493581,False,False,0,0
13957,29907801,False,False,0,0
13957,30050098,False,False,0,0
13957,30055033,False,False,0,0
13957,30105547,False,False,0,0
13957,30138938,False,False,0,0
13957,30355600,False,False,0,0
13957,30384889,False,False,0,0
13957,30417923,False,False,0,0
13957,30732632,False,False,0,0
13957,31163979,False,False,0,0
13957,31219622,False,False,0,0
13957,31324109,False,False,0,0
13957,31395954,False,False,0,0
13957,31560489,False,False,0,0
13957,32368696,False,False,0,0
13957,32410215,False,False,0,0
13957,32506814,False,False,0,0
13957,32573669,False,False,0,0
13957,32668055,False,False,0,0
13957,32746448,False,False,0,0
13957,32981126,False,False,0,0
13957,33240318,False,False,0,0
13957,33318624,False,False,0,0
13957,33673806,False,False,0,0
13957,34006472,False,False,0,0
13957,34136434,False,False,0,0
13957,34184824,False,False,0,0
13957,35050212,False,False,0,0
13957,9689060,False,False,0,0
13958,17603482,False,False,3,0
13958,17603483,False,False,3,0
13958,20683980,False,False,0,0
13958,21784453,False,False,0,0
13958,29493581,False,False,0,0
13960,17603482,False,False,1,0
13960,17603483,False,False,2,0
13965,16474404,False,False,2,0
13965,18042262,False,False,0,0
13965,19376813,False,False,1,0
13965,20523244,False,False,0,0
13965,28911804,False,False,0,0
13965,29493581,False,False,1,0
13969,19206169,False,False,2,0
13973,16439621,False,False,0,0
13973,16474404,False,False,2,0
13973,17366577,False,False,0,0
13973,17551924,False,False,0,0
13973,17703371,False,False,0,0
13973,18042262,False,False,0,0
13973,18413255,False,False,4,0
13973,19206169,False,False,0,0
13973,19376813,False,False,4,0
13973,24719372,False,False,0,0
13973,24775816,False,False,0,0
13973,24803665,False,False,0,0
13973,26242988,False,False,0,0
13973,29084544,False,False,0,0
13973,29493581,False,False,1,0
13974,16439621,False,False,0,0
13974,16474404,False,False,0,0
13974,18042262,False,False,0,0
13974,19206169,False,False,0,0
13974,29907801,False,False,0,0
13974,30141192,False,False,0,0
13974,35418823,False,False,0,0
13975,16474404,False,False,1,0
13975,18413255,False,False,2,0
13975,19206169,False,False,0,0
13975,28524057,False,False,0,0
13975,29493581,False,False,1,0
13976,16474404,False,False,0,0
13976,18042262,False,False,0,0
13976,18456719,False,False,0,0
13977,16474404,False,False,0,0
13977,25463315,False,False,0,0
13978,16439621,False,False,1,0
13978,16474404,False,False,1,0
13978,17366577,False,False,0,0
13978,17483702,False,False,1,0
13978,17704260,False,False,0,0
13978,25463315,False,False,0,0
13978,30732632,False,False,0,0
13979,16439621,False,False,0,0
13979,16474404,False,False,2,0
13979,19376813,False,False,3,0
13979,22876591,False,False,0,0
13979,23093928,False,False,0,0
13979,24803665,False,False,0,0
13979,25463315,False,False,0,0
13979,29493581,False,False,1,0
13979,29907801,False,False,0,0
13981,16804887,False,False,0,0
13981,18039235,False,False,0,0
13981,19206169,False,False,0,0
13981,22495831,False,False,0,0
1401826,30564305,False,False,0,1
1406399,28002430,False,False,1,0
1410069,25335493,False,False,0,1
142298,24777450,False,False,2,0
142299,24777450,False,False,2,0
143931,24362817,False,False,0,0
143931,25480913,False,False,0,0
143931,29469822,False,False,0,0
1453718,28135719,False,False,0,0
1453718,33057194,False,False,0,1
1453718,33128510,False,False,0,1
1453718,35982159,False,False,0,1
1453718,36113475,False,False,0,1
1454586,28191889,False,False,0,0
1456304,25335493,False,False,0,0
1458925,24362817,False,False,0,0
1458925,25335493,False,False,0,0
1458925,25480913,False,False,0,0
1458925,29469822,False,False,0,0
1458925,30442762,False,False,0,0
1458925,30859559,False,False,0,0
1458925,33332384,False,False,0,0
1484880,28295212,False,False,0,0
1485945,11992261,False,False,0,0
1519001,16199547,False,False,0,0
1519001,24362817,False,False,0,0
1519001,25335493,False,False,0,0
1519001,25480913,False,False,0,0
1519001,29469822,False,False,0,0
1519001,30442762,False,False,0,0
1519001,30859559,False,False,0,0
1525793,25335493,False,False,0,0
1525793,28365909,False,False,0,0
162463,17143285,False,False,2,0
162463,23487764,False,False,2,0
162463,24803665,False,False,0,0
162795,33726816,False,False,0,0
162797,16804887,False,False,0,0
162797,18039235,False,False,0,0
162797,18413255,False,False,1,0
162797,19206169,False,False,0,0
162797,21063443,False,False,0,0
162797,22495831,False,False,0,0
162797,31069529,False,False,0,0
162797,32369273,False,False,0,0
162797,33040082,False,False,0,0
163758,17056636,False,False,0,0
163766,19396835,False,False,0,0
163766,24382853,False,False,0,0
163766,30732632,False,False,0,0
163768,17056636,False,False,0,0
163768,18958496,False,False,0,0
163768,21784453,False,False,0,0
164998,24225993,False,False,0,0
164998,30417923,False,False,0,0
164998,33042901,False,False,0,0
164998,35574990,False,False,0,0
167260,35322241,False,False,0,0
1685577,33300679,False,False,0,0
1691815,32004086,False,False,0,0
1691815,32575496,False,False,0,0
1696415,35806449,False,False,1,0
1712183,17143282,False,False,0,0
1712183,21387466,False,False,0,0
1712183,31219622,False,False,0,0
1712183,34184824,False,False,0,0
1722924,24362817,False,False,0,0
1731828,35840934,False,False,0,1
1749215,25480913,False,False,0,0
1751239,30368668,False,False,0,0
1754034,16199547,False,False,0,0
1754034,24362817,False,False,0,0
1754034,25335493,False,False,0,0
1754034,25480913,False,False,0,0
1754034,25795793,False,False,0,0
1754034,29469822,False,False,0,0
1754034,30442762,False,False,0,0
1754034,30442766,False,False,0,0
1754034,30481304,False,False,0,0
1754034,30859559,False,False,0,0
1761188,24362817,False,False,0,0
1761188,25335493,False,False,0,0
1761188,25480913,False,False,0,0
1761188,25795793,False,False,0,0
1761188,28295212,False,False,0,0
1761188,29469822,False,False,0,0
1761188,30368668,False,False,0,0
1761188,30442762,False,False,0,0
1761188,30442766,False,False,0,0
1761188,30481304,False,False,0,0
1761188,30859559,False,False,0,0
1763885,25480913,False,False,0,0
1765687,30481304,False,False,0,0
1770635,25480913,False,False,0,1
1770636,24362817,False,False,0,0
1770636,25335493,False,False,0,0
1770636,25480913,False,False,0,0
1770636,25795793,False,False,0,0
1770636,29469822,False,False,0,0
1770636,30442762,False,False,0,0
1770636,30442766,False,False,0,0
1770636,30481304,False,False,0,0
1770636,30859559,False,False,0,0
1772844,24362817,False,False,0,0
177672,16439621,False,False,0,0
177672,18042262,False,False,0,0
177672,19206169,False,False,0,0
177672,29084544,False,False,0,0
177672,29493581,False,False,0,0
177672,33040082,False,False,0,0
177672,33318624,False,False,0,0
1777290,30006736,False,False,0,0
177754,16358218,False,False,0,0
177754,30868567,False,False,0,0
177778,19047918,False,False,0,0
177778,19966803,False,False,0,0
177778,26918529,False,False,0,0
177778,28098151,False,False,0,0
177778,28594414,False,False,0,0
177844,18039235,False,False,0,0
177844,18413255,False,False,2,0
177844,28524057,False,False,0,0
177868,17981815,False,False,2,0
177868,18039235,False,False,0,0
177868,18413255,False,False,2,0
177868,21062266,False,False,0,0
177868,23885229,False,False,0,0
177868,25862627,False,False,0,0
177868,29752777,False,False,0,0
177868,35524774,False,False,0,0
177878,34643321,False,False,0,0
1788221,30859559,False,False,0,0
178963,29945942,False,False,0,0
1789648,24362817,False,False,0,0
1789648,25335493,False,False,0,0
1789648,25795793,False,False,0,0
1789648,30442762,False,False,0,0
1789648,30859559,False,False,0,0
179368,36442478,False,False,1,0
179739,17586837,False,False,0,1
179739,20673819,False,False,0,1
179739,31368652,False,False,0,1
1804903,30481304,False,False,0,1
1805026,11992261,False,False,0,1
1805026,21533187,False,False,0,1
1805026,24935154,False,False,0,1
180723,17704260,False,False,0,0
180723,18042262,False,False,0,0
180723,19953625,False,False,0,0
180723,25463315,False,False,0,0
180784,28512244,False,False,2,0
180784,29493581,False,False,1,0
180784,33128510,False,False,0,0
180848,24224811,False,False,0,0
180848,29493581,False,False,0,0
180848,32732226,False,False,0,0
180848,34109654,False,False,0,0
180848,34958143,False,False,0,0
180910,35418823,False,False,0,0
180911,31115076,False,False,0,0
181495,11992261,False,False,0,1
181499,11992261,False,False,0,0
181499,16358218,False,False,0,0
181499,30896080,False,False,0,0
181503,15985475,False,False,0,0
181503,18470943,False,False,0,0
181503,20186801,False,False,0,0
181503,22781091,False,False,0,0
181503,23624134,False,False,0,0
181503,28650561,False,False,0,0
181503,32737134,False,False,1,0
181517,24451042,False,False,0,0
181522,23791108,False,False,4,0
181522,24469055,False,False,2,0
181522,24803665,False,False,0,0
181522,24939608,False,False,0,0
181522,25049390,False,False,0,0
181522,25124994,False,False,1,0
181522,26242988,False,False,1,0
181522,26714497,False,False,2,0
181522,26757980,False,False,0,0
181522,27101134,False,False,0,0
181522,27699752,False,False,0,0
181522,30266093,False,False,0,0
181522,33190430,False,False,0,0
181522,33258288,False,False,0,0
181522,36274670,False,False,0,0
181528,22670144,False,False,0,0
181528,25137548,False,False,3,0
181528,29907801,False,False,0,0
181528,30348783,False,False,2,0
181548,34644002,False,False,0,0
181552,20683980,False,False,0,0
181552,21387466,False,False,0,0
181552,29493581,False,False,0,0
183401,23791108,False,True,1,1
183401,25124994,False,False,0,1
183401,26714497,False,False,0,0
183401,26757980,False,False,0,0
183401,27101134,False,False,0,1
183401,27226556,False,True,2,1
183403,26714497,False,False,2,0
183403,26757980,False,False,1,0
183403,27101134,False,False,0,0
183403,29402968,False,False,0,0
183405,23765226,False,False,0,0
183405,23791108,False,False,2,0
183405,26757980,False,False,0,0
183405,28347726,False,False,0,0
183405,33794220,False,False,0,0
183406,23765226,False,False,0,0
183406,26757980,False,False,0,0
183407,23791108,False,False,0,0
183407,25124994,False,False,0,0
183407,26757980,False,False,0,0
183407,27101134,False,False,0,0
183407,27699752,False,False,1,0
183408,23765226,False,False,0,0
183408,23791108,False,False,2,0
183408,24939608,False,False,0,0
183408,25049390,False,False,1,0
183408,26714497,False,False,2,0
183408,26757980,False,False,1,0
183408,27101134,False,False,1,0
183408,27226556,False,False,3,0
183409,23791108,False,False,0,0
183409,26757980,False,False,0,0
183409,27226556,False,False,1,0
183410,26757980,False,False,0,1
183411,23791108,False,False,0,0
183411,26714497,False,False,2,0
183411,27226556,False,False,2,0
1878829,30442766,False,False,0,0
190305,23791108,False,False,0,0
190305,24939608,False,False,0,0
190305,25959749,False,False,2,0
190305,30732632,False,False,0,0
197243,20147967,False,False,1,0
197243,20570890,False,False,1,0
202193,25463315,False,False,0,0
2078744,30859559,False,False,0,0
2078744,31182298,False,False,0,0
209088,25795793,False,False,1,0
209088,30368668,False,False,1,0
209088,30481304,False,False,3,0
209088,30859559,False,False,1,0
209088,31533111,False,False,1,0
209088,31825158,False,False,0,0
209089,25335493,False,False,0,0
209089,25795793,False,False,0,0
209089,30481304,False,False,2,0
209089,30664951,False,False,0,0
209091,25795793,False,False,0,0
209091,26173643,False,False,3,0
209092,25795793,False,False,0,0
209092,26173643,False,False,0,0
209092,30707178,False,False,0,0
2095925,24451042,False,False,0,0
2095926,24451042,False,False,0,0
21342,17603483,False,False,1,0
21342,27753652,False,False,0,0
21342,29493581,False,False,0,0
21342,30732632,False,False,0,0
2137441,22253195,False,False,0,0
2137441,24896146,False,False,0,0
2137441,28074573,False,False,2,0
2140164,24362817,False,False,0,0
2140164,25335493,False,False,0,0
218698,33673806,False,False,0,0
218698,35348676,False,False,0,0
219097,28098151,False,False,0,0
219097,28594414,False,False,0,0
219097,32888943,False,False,0,0
222074,17551924,False,False,0,0
222074,29753091,False,False,1,0
222774,17603483,False,False,0,0
222774,20679480,False,False,2,0
222774,29493581,False,False,0,0
222971,21263000,False,False,2,0
222971,22855653,False,False,0,0
222971,28594414,False,False,0,0
223140,28190454,False,False,1,0
223140,29461977,False,False,1,0
224122,26518681,False,False,0,0
224122,28554332,False,False,0,0
228288,19020799,False,False,0,0
228288,23321623,False,False,0,0
228289,25049390,False,False,1,0
228289,26714497,False,False,0,0
228289,27101134,False,False,0,0
240838,28074886,False,False,0,1
2457590,24362817,False,False,0,0
2457590,31980526,False,False,0,0
2457675,24362817,False,False,0,0
2496794,25335493,False,False,0,0
2499923,28973083,False,False,0,0
2573928,30525188,False,False,0,0
2574541,29469822,False,False,0,0
265328,23791108,False,False,0,0
265328,30692697,False,False,0,0
2742481,24362817,False,False,0,0
2742481,25335493,False,False,0,0
2742481,25480913,False,False,0,0
2780125,32368696,False,False,0,0
279992,29493581,False,False,1,0
279998,25326637,False,False,0,0
279998,32901917,False,False,0,0
280033,19206169,False,False,3,0
280033,28650561,False,False,0,0
280033,29493581,False,False,1,0
280151,29402968,False,False,2,0
280283,34918830,False,False,0,0
280283,36760995,False,False,0,0
280342,28191889,False,False,0,1
280342,29384852,False,False,0,1
280342,29409008,False,False,0,1
280342,30442762,False,False,0,1
280342,31130284,False,False,0,0
280342,31219622,False,False,0,1
280342,31475041,False,False,0,1
280446,35524774,False,False,0,0
280609,24469055,False,False,3,0
280609,34887308,False,False,0,0
280820,29907801,False,False,0,0
280939,29493581,False,False,0,0
2850800,25137548,False,False,1,0
285121,29907801,False,False,0,0
288033,11992261,False,False,0,0
288033,19020799,False,False,0,0
288033,31324109,False,False,0,0
2883997,30732632,False,False,0,0
2883997,34411415,False,False,0,0
289969,24362817,False,False,0,0
289969,25335493,False,False,0,0
289969,29384852,False,False,0,0
289969,31182298,False,False,0,0
2907156,36307859,False,False,0,0
2907314,29907801,False,False,0,0
2963626,25335493,False,False,0,0
2963626,25480913,False,False,0,0
29805,17704260,False,False,0,0
29805,19206169,False,False,0,0
29806,17704260,False,False,0,0
29806,18042262,False,False,0,0
29806,19206169,False,False,0,0
29806,34573299,False,False,0,0
29807,17704260,False,False,0,0
29807,18042262,False,False,0,0
29807,19206169,False,False,0,0
29808,19206169,False,False,1,0
29808,34643321,False,False,0,0
3069135,36304179,False,False,0,0
3116215,34117033,False,False,1,0
3233815,24362817,False,False,0,1
3233815,29469822,False,False,0,1
35554,22683711,False,False,0,0
3656415,24362817,False,False,0,0
3674980,24362817,False,False,0,0
3674980,25335493,False,False,0,0
3674980,30368668,False,False,0,0
3697088,24362817,False,False,0,0
3697088,25335493,False,False,0,0
3697088,25480913,False,False,0,0
370035,26714497,False,False,0,0
370035,33190430,False,False,0,0
372483,25695693,False,False,0,0
372483,25914815,False,False,0,0
372483,29907801,False,False,0,0
372564,29907801,False,False,0,0
372572,17704260,False,False,0,0
372572,18413255,False,False,0,0
372572,29493581,False,False,0,0
372572,33128510,False,False,0,0
372578,37216690,False,False,0,0
372656,22465605,False,False,0,0
372684,30368668,False,False,0,0
372684,32623905,False,False,3,0
372863,28425981,False,False,0,1
372863,34306696,False,False,0,1
372924,24362817,False,False,0,0
372924,25335493,False,False,0,0
372924,25480913,False,False,0,0
372924,25795793,False,False,0,0
372924,29469822,False,False,0,0
372924,30368668,False,False,0,0
372924,30442762,False,False,0,0
372924,30442766,False,False,0,0
372924,30481304,False,False,0,0
372924,30859559,False,False,0,0
372993,30442762,False,False,0,1
372993,33792302,False,False,0,1
372993,34113392,False,False,0,1
373089,32981126,False,False,0,1
373089,33258288,False,False,0,1
373090,22670144,False,False,0,0
373090,25137548,False,False,0,0
373090,35348676,False,False,1,0
375981,22197931,False,False,2,0
375981,32978145,False,False,0,0
375981,36777711,False,False,0,0
376514,17603482,False,False,0,1
376514,17603483,False,False,0,1
3769929,29493581,False,False,0,0
391700,28027064,False,False,0,0
391700,28139825,False,False,3,0
39648,14982869,False,False,0,0
39648,15517309,False,False,0,0
39648,17332249,False,False,0,0
39648,18372904,False,False,3,0
39648,19657110,False,False,0,0
39648,21586752,False,False,3,0
39648,22753870,False,False,0,0
39648,23687087,False,False,3,0
39648,26090869,False,False,0,0
39648,26216196,False,False,0,0
39648,2674680,False,False,0,0
39648,27264674,False,False,0,0
39648,27815357,False,False,0,0
39648,28098151,False,False,0,0
39648,28594414,False,False,0,0
39648,31413085,False,False,0,0
39648,33681212,False,False,2,0
40338,25801821,False,False,0,0
40338,30826992,False,False,0,0
40346,17551924,False,False,0,0
40346,18042262,False,False,0,0
40346,27521173,False,False,0,0
40346,29493581,False,False,0,0
40348,19206169,False,False,0,0
40348,22190897,False,False,0,0
40348,29493581,False,False,0,0
40349,29493581,False,False,0,0
40364,18039235,False,False,0,0
40364,18413255,False,False,0,0
40364,19376813,False,False,2,0
40366,16439621,False,False,0,0
40366,17551924,False,False,0,0
40366,18042262,False,False,0,0
40367,22495831,False,False,0,0
40367,25348715,False,False,1,0
40367,31475041,False,False,0,0
40370,16474404,False,False,2,0
40370,18039235,False,False,0,0
40370,18413255,False,False,0,0
40370,20395089,False,False,0,0
40370,21871821,False,False,0,0
40374,17704260,False,False,0,0
40374,18039235,False,False,0,0
40374,30094826,False,False,0,0
40380,29493581,False,False,0,0
40380,31785789,False,False,0,0
40384,27478040,False,False,2,0
40384,35524774,False,False,0,1
40387,16439621,False,False,1,0
40387,18413255,False,False,3,0
40387,25463315,False,False,0,0
40387,29493581,False,False,1,0
40388,29493581,False,False,0,0
40388,30732632,False,False,0,0
40389,20735442,False,False,1,0
40390,24451042,False,False,0,0
40435,3540608,False,False,1,0
40452,17056636,False,False,0,0
40452,20652921,False,False,1,0
40452,20949621,False,False,4,0
40452,24803665,False,False,0,0
40452,29948256,False,False,0,0
40454,17056636,False,False,0,0
40454,20949621,False,False,4,0
40454,30732632,False,False,0,0
40469,28594414,False,False,0,0
40470,18952898,False,False,0,0
40470,26619011,False,False,0,0
40470,28594414,False,False,2,0
40482,11992261,False,False,0,0
40482,15987685,False,False,1,0
40482,16358218,False,False,0,0
40482,17661820,False,False,0,0
40482,18372317,False,False,1,0
40482,21590266,False,False,0,0
40482,22781091,False,False,0,0
40482,23584145,False,False,1,0
40484,22465605,False,False,0,0
40484,25804457,False,False,0,0
40484,29493581,False,False,0,0
40485,26817465,False,False,0,0
40485,29493581,False,False,0,0
40485,29907801,False,False,0,0
40485,32410215,False,False,0,0
40485,33619735,False,False,0,0
40486,15001945,False,False,0,0
40486,16263833,False,False,0,0
40486,16358218,False,False,0,0
40486,23624134,False,False,0,0
40486,24803665,False,False,0,0
40486,26918529,False,False,0,0
40486,31219622,False,False,0,0
40486,33128510,False,False,0,0
40486,9491886,False,False,0,0
40487,11992261,False,False,0,0
40487,12634870,False,False,0,1
40487,15001945,False,False,0,1
40487,15956085,False,False,0,1
40487,16804314,False,False,0,0
40487,18678287,False,False,0,1
40487,19077116,False,False,0,1
40487,19125092,False,False,0,0
40487,20030748,False,False,0,1
40487,21590266,False,False,0,1
40487,32164556,False,False,0,0
40487,9491886,False,False,0,0
40488,11992261,False,False,0,0
40488,12634870,False,False,0,0
40488,16053901,False,False,0,0
40488,16358218,False,False,0,0
40488,20954246,False,False,0,0
40488,22190897,False,False,0,0
40488,23321623,False,False,0,0
40488,25914815,False,False,0,0
40488,26633542,False,False,0,0
40488,28911804,False,False,0,0
40488,29212898,False,False,0,0
40488,9491886,False,False,0,0
40489,12634870,False,False,0,0
40489,15001945,False,False,0,0
40489,16263833,False,False,0,0
40489,16358218,False,False,0,0
40489,20954246,False,False,0,0
40489,22190897,False,False,0,0
40489,23321623,False,False,0,0
40489,25914815,False,False,0,0
40489,29907801,False,False,0,0
40489,32164556,False,False,0,0
40490,11992261,False,False,0,0
40490,22465605,False,False,0,0
40490,23624134,False,False,0,0
40493,11992261,False,False,0,0
40493,14644997,False,False,0,0
40493,16643459,False,False,0,0
40493,17020470,False,False,0,0
40493,17546245,False,False,0,0
40493,18328949,False,False,0,0
40493,24039098,False,False,0,0
40493,26817465,False,False,0,0
40493,32164556,False,False,0,0
40494,15834506,False,False,0,0
40494,16358218,False,False,0,0
40494,24150203,False,False,0,0
40494,26242988,False,False,0,0
40494,27521173,False,False,0,0
40495,11704759,False,False,0,0
40495,11992261,False,False,0,0
40495,15834506,False,False,2,0
40495,19927903,False,False,0,0
40495,20112233,False,False,0,0
40495,24150203,False,False,0,0
40495,25097206,False,False,0,0
40495,26242988,False,False,0,0
40495,27521173,False,False,0,0
40496,11704759,False,False,0,0
40496,11992261,False,False,0,0
40496,19927903,False,False,0,0
40496,20112233,False,False,0,0
40498,12634870,False,False,0,0
40498,15001945,False,False,0,0
40498,20186801,False,False,0,0
40498,23321623,False,False,0,0
40498,23624134,False,False,0,0
40498,26817465,False,False,0,0
40498,29493581,False,False,0,0
40498,31560489,False,False,0,0
40499,12634870,False,False,0,0
40499,14644997,False,False,0,0
40499,18759865,False,False,0,0
40499,19737548,False,False,0,0
40499,25097206,False,False,0,0
40500,15928039,False,False,0,0
40500,16358218,False,False,1,0
40500,18759865,False,False,0,0
40500,26918529,False,False,0,0
40502,11704759,False,False,0,0
40502,12634870,False,False,0,0
40502,16358218,False,False,1,0
40502,16830086,False,False,0,0
40502,17177198,False,False,2,0
40502,20308328,False,False,1,0
40502,22190897,False,False,0,0
40502,29493581,False,False,0,0
40502,29907801,False,False,0,0
40502,30029678,False,False,0,0
40503,11704759,False,False,1,0
40503,12634870,False,False,0,0
40503,16830086,False,False,0,0
40503,17177198,False,False,2,0
40503,18678287,False,False,0,0
40503,22190897,False,False,0,0
40503,29493581,False,False,0,0
40503,31219622,False,False,0,0
40503,31560489,False,False,0,0
40503,34643321,False,False,0,0
40506,12717436,False,False,0,0
40506,12960218,False,False,0,0
40506,15987685,False,False,2,0
40506,17020470,False,False,0,0
40506,17339163,False,False,0,0
40506,18286234,False,False,2,0
40506,18470943,False,False,1,0
40506,31292302,False,False,1,0
40506,32164556,False,False,1,0
40507,22465605,False,False,0,0
40507,24150203,False,False,0,0
40507,24451042,False,False,0,0
40508,15001945,False,False,0,0
40508,22465605,False,False,0,0
40508,24150203,False,False,0,0
40512,11992261,False,False,0,0
40512,18372317,False,False,2,0
40512,20308328,False,False,2,0
40512,23584145,False,False,1,0
40513,11992261,False,False,0,0
40513,15987685,False,False,5,0
40513,16358218,False,False,1,0
40513,17020470,False,False,1,0
40513,17339163,False,False,0,0
40513,18372317,False,False,6,0
40513,19020799,False,False,0,0
40513,22315187,False,False,1,0
40513,23584145,False,False,6,0
40513,24628801,False,False,2,0
40513,28363362,False,False,0,0
40513,29493581,False,False,1,0
40513,32164556,False,False,0,0
40514,32164556,False,False,0,0
40518,11992261,False,False,0,0
40518,12634870,False,False,0,0
40518,15985475,False,False,0,0
40518,16358218,False,False,0,0
40518,24451042,False,False,0,0
40518,32164556,False,False,0,0
40520,22253195,False,False,0,0
40520,22465605,False,False,0,0
40520,22494877,False,False,0,0
40520,23756559,False,False,0,0
40520,28074573,False,False,2,0
40520,29493581,False,False,0,0
40520,30417923,False,False,0,0
40520,31130284,False,False,0,0
40520,33354767,False,False,0,0
40522,11992261,False,False,0,0
40522,21365683,False,False,0,0
40522,25862627,False,False,0,0
40522,27353043,False,False,0,0
40522,28074573,False,False,5,0
40522,29493581,False,False,0,0
40522,32233106,False,False,0,0
40522,32719394,False,False,0,0
40522,9491886,False,False,0,0
40523,16358218,False,False,0,1
40523,21590266,False,False,0,0
40523,22465605,False,False,0,1
40523,26242988,False,False,0,0
40523,26785492,False,False,0,0
40523,28991257,False,False,0,1
40523,31941532,False,False,0,1
40523,32368696,False,False,0,1
40525,11704759,False,False,0,0
40525,11992261,False,False,0,0
40525,14974085,False,False,2,0
40525,15834506,False,False,2,0
40525,15985475,False,False,0,0
40525,18372317,False,False,1,0
40525,19077116,False,False,0,0
40525,21407260,False,False,0,0
40525,21784453,False,False,0,0
40525,22488759,False,False,0,0
40525,24037001,False,False,0,0
40525,26817465,False,False,1,0
40525,30417923,False,False,0,0
40525,30541462,False,False,0,0
40525,31618753,False,False,1,0
40525,32546215,False,False,0,0
40525,33300679,False,False,0,0
40526,23917401,False,False,0,0
40526,26817465,False,False,0,0
40526,31560489,False,False,0,0
40526,34006472,False,False,0,0
40527,11992261,False,False,0,1
40528,11992261,False,False,0,0
40528,15689434,False,False,0,0
40528,15996221,False,False,0,0
40528,16358218,False,False,0,0
40528,17339163,False,False,0,0
40528,18470943,False,False,0,0
40528,18678287,False,False,0,0
40528,23771920,False,False,0,0
40528,26918529,False,False,0,0
40528,27521173,False,False,0,0
40528,30417923,False,False,0,0
40528,31560489,False,False,0,0
40528,32565546,False,False,0,0
40528,33300679,False,False,0,0
40528,36304179,False,False,0,0
40533,16358218,False,False,0,0
40533,18470943,False,False,0,0
40535,11992261,False,False,0,0
40535,15001945,False,False,0,0
40535,19077116,False,False,0,0
40535,28921562,False,False,0,0
40535,28991257,False,False,0,0
40545,24451042,False,False,0,1
40545,33726816,False,False,0,1
40545,34136434,False,False,0,2
40545,40127276,False,False,0,1
40547,17927788,False,False,0,0
40547,25917897,False,False,2,0
40549,21526175,False,False,0,0
40549,22465605,False,False,0,0
40549,22781091,False,False,0,0
40550,14982869,False,False,0,0
40550,15001945,False,False,0,0
40550,15985475,False,False,0,0
40550,16358218,False,False,1,0
40550,17020470,False,False,1,0
40550,19077116,False,False,1,0
40550,19621452,False,False,0,0
40550,22465605,False,False,1,0
40550,24891296,False,False,2,0
40550,30541462,False,False,1,0
40551,15985475,False,False,0,0
40551,17020470,False,False,0,0
40551,17546245,False,False,0,0
40551,18470943,False,False,0,0
40551,20186801,False,False,0,0
40551,21590266,False,False,0,0
40551,22465605,False,False,0,0
40551,23624134,False,False,0,0
40551,30417923,False,False,0,0
40551,31560489,False,False,0,0
40551,35904599,False,False,0,0
40551,37923938,False,False,0,0
40552,15985475,False,False,0,0
40552,16358218,False,False,0,0
40552,18470943,False,False,0,0
40552,20186801,False,False,0,0
40552,21407260,False,False,0,0
40552,22781091,False,False,0,0
40552,23624134,False,False,0,0
40552,24803665,False,False,0,0
40552,32737134,False,False,0,0
40553,15121796,False,False,1,0
40553,15928039,False,False,1,0
40553,17339163,False,False,0,0
40553,17875892,False,False,0,0
40553,18241070,False,False,0,0
40553,20301557,False,False,0,0
40553,21533187,False,False,0,0
40553,22190897,False,False,1,0
40553,24891296,False,False,3,0
40553,24935154,False,False,0,0
40553,26918529,False,False,0,0
40553,27562378,False,False,0,0
40553,29493581,False,False,1,0
40553,30732632,False,False,0,0
40553,31219622,False,False,0,0
40553,31370276,False,False,0,0
40553,33318624,False,False,0,0
40553,34008892,False,False,0,0
40554,15121796,False,False,0,0
40554,17339163,False,False,0,0
40554,17875892,False,False,0,0
40554,18241070,False,False,0,0
40554,19737548,False,False,0,0
40554,24935154,False,False,2,0
40554,30055033,False,False,0,0
40554,33318624,False,False,0,0
40554,33776629,False,False,0,0
40555,11992261,False,False,0,0
40555,16263833,False,False,0,0
40555,18470943,False,False,0,0
40555,18562489,False,False,0,0
40555,19795160,False,False,0,0
40555,35325944,False,False,0,0
40556,15928039,False,False,0,0
40556,16358218,False,False,0,0
40556,22465605,False,False,0,0
40556,23832011,False,False,0,0
40556,26242988,False,False,0,0
40556,31263281,False,False,0,0
40557,12325025,False,False,0,0
40557,15385933,False,False,0,0
40557,15928039,False,False,0,0
40557,16358218,False,False,0,0
40557,17020470,False,False,0,0
40557,17053061,False,False,0,0
40557,18470943,False,False,0,0
40557,19020799,False,False,0,0
40557,22465605,False,False,0,0
40557,23832011,False,False,0,0
40557,24803665,False,False,0,0
40557,26242988,False,False,0,0
40557,26918529,False,False,0,0
40557,28084675,False,False,0,0
40557,28991257,False,False,0,0
40557,29907801,False,False,0,0
40557,30287924,False,False,0,0
40557,31941532,False,False,0,0
40557,32164556,False,False,0,0
40558,12717436,False,False,0,0
40558,12960218,False,False,0,0
40558,16358218,False,False,0,0
40558,18758896,False,False,0,0
40558,19077116,False,False,0,0
40558,19737548,False,False,0,0
40558,24754368,False,False,0,0
40558,26918529,False,False,0,0
40558,29907801,False,False,0,0
40558,31560489,False,False,0,0
40558,33683002,False,False,0,0
40558,34008892,False,False,0,0
40559,16358218,False,False,0,0
40559,18678287,False,False,0,0
40559,22465605,False,False,0,0
40559,23513489,False,False,0,0
40559,25533962,False,False,0,0
40559,29493581,False,False,0,0
40559,32164556,False,False,0,0
40561,12960218,False,False,0,0
40561,16358218,False,False,0,0
40561,18678287,False,False,0,0
40561,19737548,False,False,0,0
40561,26785492,False,False,0,0
40562,11704759,False,False,2,0
40562,11992261,False,False,2,0
40562,15834506,False,False,9,0
40562,16358218,False,False,3,0
40562,17020470,False,False,0,0
40562,17339163,False,False,1,0
40562,17661820,False,False,0,0
40562,18331608,False,False,0,0
40562,19020799,False,False,0,0
40562,21407260,False,False,0,0
40562,24150203,False,False,1,0
40562,28607217,False,False,0,0
40562,29493581,False,False,1,0
40562,29620724,False,False,0,0
40562,30050098,False,False,0,0
40562,31564432,False,False,0,0
40563,14961557,False,False,1,0
40563,15723289,False,False,1,0
40563,15928039,False,False,1,0
40563,15987685,False,False,2,0
40563,18470943,False,False,1,0
40563,20954246,False,False,1,0
40563,22528600,False,False,0,0
40563,24628801,False,False,0,0
40563,24935154,False,False,3,0
40563,26742426,False,False,3,0
40563,30732632,False,False,0,0
40563,31219622,False,False,0,0
40563,32164556,False,False,0,0
40566,15520399,False,False,0,0
40566,15690106,False,False,0,0
40566,15889278,False,False,0,0
40566,16358218,False,False,0,0
40566,16733669,False,False,0,0
40566,19077116,False,False,0,0
40566,19582499,False,False,0,0
40566,20954246,False,False,0,0
40566,21677813,False,False,0,0
40566,21803945,False,False,2,0
40566,21910226,False,False,0,0
40566,22058153,False,False,2,0
40566,22190897,False,False,0,0
40566,23673659,False,False,2,0
40566,24935154,False,False,2,0
40566,25708222,False,False,3,0
40566,26742426,False,False,3,0
40566,27193571,False,False,0,0
40566,28973083,False,False,0,0
40566,30732632,False,False,0,0
40566,35050212,False,False,0,0
40567,21910226,False,False,0,0
40567,31263281,False,False,0,0
40594,33673806,False,False,0,0
40599,17603483,False,False,0,0
40599,20679480,False,False,4,0
40599,29493581,False,False,0,0
40601,17603483,False,False,0,0
40601,19020799,False,False,0,0
40601,20052757,False,False,1,0
40601,21784453,False,False,3,0
40601,29493581,False,False,0,0
40601,33318624,False,False,0,0
40603,17603483,False,False,1,0
40603,20052757,False,False,1,0
40603,22465605,False,False,0,0
40604,21784453,False,False,0,1
40605,17603482,False,False,1,0
40605,17603483,False,False,0,0
40605,20052757,False,False,1,0
40605,21784453,False,False,0,0
40605,23885229,False,False,0,0
40606,22465605,False,False,0,0
40606,25862627,False,False,0,0
40606,26266034,False,False,0,0
40606,28777121,False,False,0,0
40607,17603482,False,False,0,1
40607,29493581,False,False,0,1
40607,30157809,False,False,0,0
40607,30732632,False,False,0,0
40607,35979676,False,False,0,0
40608,17603482,False,False,1,0
40608,20679480,False,False,1,0
40608,22821648,False,False,0,0
40608,24777450,False,False,1,0
40608,29493581,False,False,0,0
40612,26918529,False,False,0,1
40612,27974047,False,False,0,1
40613,14701845,False,False,1,0
40613,29271604,False,False,0,0
40613,29493581,False,False,0,0
40614,29493581,False,False,0,0
40616,20052757,False,False,1,0
40617,31560489,False,False,0,0
40618,17603482,False,False,0,0
40618,17603483,False,False,0,0
40618,23885229,False,False,0,0
40618,25862627,False,False,0,0
40618,29493581,False,False,0,0
40618,32059087,False,False,0,0
40618,35979676,False,False,0,0
40641,21387466,False,False,0,0
40641,23487764,False,False,0,0
40646,17586837,False,False,0,0
40648,20133692,False,False,1,0
40648,39484914,False,False,0,1
40649,17143282,False,False,1,0
40649,20133692,False,False,2,0
40649,20133694,False,False,1,0
40649,21387466,False,False,0,0
40649,23487764,False,False,1,0
40649,29493581,False,False,1,0
40651,19020799,False,False,0,0
40651,21387466,False,False,0,0
40651,21784453,False,False,4,0
40651,23487764,False,False,3,0
40651,29493581,False,False,1,0
40656,29437595,False,False,0,0
40656,29493581,False,False,1,0
40656,32603605,False,False,1,0
40662,17143282,False,False,0,0
40662,17586837,False,False,0,0
40662,19020799,False,False,0,0
40662,19953625,False,False,0,0
40662,20683980,False,False,0,0
40662,21387466,False,False,0,0
40662,29493581,False,False,0,0
40664,22585553,False,False,0,0
40669,17143282,False,False,0,0
40669,18456719,False,False,0,0
40669,19020799,False,False,0,0
40669,19953625,False,False,0,0
40669,20133692,False,False,1,0
40669,29493581,False,False,0,0
40672,17143285,False,False,0,0
40672,17586837,False,False,0,0
40672,21387466,False,False,0,0
40672,23487764,False,False,3,0
40672,30784236,False,False,0,0
40673,17143282,False,False,1,0
40673,17586837,False,False,1,0
40673,19020799,False,False,0,0
40673,19077116,False,False,1,0
40673,20133692,False,False,1,0
40673,20186801,False,False,0,0
40673,21387466,False,False,1,0
40673,23487764,False,False,1,0
40673,29493581,False,False,0,0
40678,17143282,False,False,0,0
40678,17143285,False,False,0,0
40678,19020799,False,False,0,0
40678,19077116,False,False,0,0
40678,20133692,False,False,1,0
40678,21387466,False,False,0,0
40678,22420426,False,False,0,0
40678,22465605,False,False,0,0
40678,23487764,False,False,2,0
40678,29493581,False,False,1,0
40679,17143285,False,False,0,0
40679,20133692,False,False,1,0
40679,22420426,False,False,0,0
40679,23487764,False,False,2,0
40679,29402968,False,False,0,0
40680,17143282,False,False,0,0
40680,18854871,False,False,0,0
40680,22190897,False,False,0,0
40680,23487764,False,False,2,0
40680,24451042,False,False,0,0
40680,31219622,False,False,0,0
40680,31560489,False,False,0,0
40681,17143282,False,False,0,0
40681,21387466,False,False,0,0
40681,29493581,False,False,0,0
40681,30417923,False,False,0,0
40681,31219622,False,False,0,0
40682,17143282,False,False,0,0
40682,19352411,False,False,0,0
40682,21387466,False,False,0,0
40682,29493581,False,False,0,0
40683,17143282,False,False,0,0
40683,17586837,False,False,0,0
40683,21274610,False,False,0,0
40683,21387466,False,False,0,0
40683,21784453,False,False,2,0
40683,22420426,False,False,0,0
40683,25337068,False,False,0,0
40683,26686981,False,False,0,0
40683,26918529,False,False,0,0
40683,28378436,False,False,0,0
40683,29037749,False,False,0,0
40683,29493581,False,False,1,0
40683,30266093,False,False,0,0
40683,35390071,False,False,0,0
40684,17143282,False,False,0,0
40684,17586837,False,False,0,0
40684,18651097,False,False,0,0
40684,18854871,False,False,0,0
40684,21387466,False,False,0,0
40684,29493581,False,False,0,0
40696,17143282,False,False,0,0
40696,17586837,False,False,0,0
40696,20683980,False,False,0,0
40696,22190897,False,False,0,0
40696,23487764,False,False,2,0
40696,23885229,False,False,0,0
40696,25862627,False,False,0,0
40697,21340158,False,False,0,0
40697,22585553,False,False,0,0
40699,20461756,False,False,0,0
40701,17143282,False,False,0,0
40706,17143282,False,False,0,0
40706,17143285,False,False,5,0
40706,17586837,False,False,0,0
40706,18651097,False,False,0,0
40706,18854871,False,False,0,0
40706,19077116,False,False,0,0
40706,21041952,False,False,1,0
40706,21387466,False,False,0,0
40706,22555271,False,False,0,0
40706,23673306,False,False,1,0
40706,29493581,False,False,1,0
4071644,33100332,False,False,0,0
40722,27763634,False,False,0,1
40726,24896146,False,False,0,0
40726,26918529,False,False,0,0
40726,29907801,False,False,0,0
40726,31573083,False,False,0,0
40728,21387466,False,False,0,1
40728,29074966,False,True,2,1
40729,21387466,False,False,0,1
40734,29907801,False,False,0,1
40744,17366577,False,False,0,0
40744,27862862,False,False,0,0
40744,28049852,False,False,1,0
40744,34522120,False,False,0,0
40769,17366577,False,False,0,0
40769,24719372,False,False,0,0
40769,25326637,False,False,0,0
40781,17704260,False,False,0,0
40781,25049390,False,False,5,0
40818,30773290,False,False,0,0
41442,16263833,False,False,0,0
41443,15834506,False,False,1,0
41443,16358218,False,False,1,0
41443,17177198,False,False,1,0
41443,30896080,False,False,0,0
41446,19206169,False,False,1,0
41448,33297573,False,False,0,1
420175,25480913,False,False,1,0
420175,29469822,False,False,1,0
420175,30481304,False,False,2,0
420175,34184824,False,False,1,0
423930,31883238,False,False,0,1
423930,35352813,False,False,0,1
426303,17603483,False,False,0,0
426303,30359267,False,False,0,1
426303,31040167,False,False,0,1
426721,29907801,False,False,0,0
438796,25326635,False,False,0,0
438796,26822237,False,False,0,0
44587,19156172,False,False,0,0
44587,28049852,False,False,2,0
44587,29753091,False,False,2,0
44587,29907801,False,False,0,0
44587,30141192,False,False,0,0
44587,33482860,False,False,0,0
44587,34580403,False,False,0,0
44599,15987685,False,False,2,0
44603,29084544,False,False,0,0
44603,29493581,False,False,0,0
44605,31370276,False,False,0,0
44609,23624134,False,False,0,0
44609,29037749,False,False,0,0
44613,21407260,False,False,0,0
44614,12717436,False,False,0,1
44614,16358218,False,False,0,1
44614,21590266,False,False,0,0
44614,24803665,False,False,0,1
44614,25722345,False,False,0,1
44614,26242988,False,False,0,1
44614,26785492,False,False,0,0
44614,32164556,False,False,0,1
44614,35904599,False,False,0,1
44615,11992261,False,False,0,0
44615,15996221,False,False,0,0
44615,17339163,False,False,0,0
44615,23771920,False,False,0,0
44633,26918529,False,False,0,0
44633,31030682,False,False,0,0
44801,33040082,False,False,0,0
44806,17366577,False,False,0,0
44806,24719372,False,False,0,0
44806,26795593,False,False,0,0
44818,22495831,False,False,0,0
44818,28832562,False,False,0,0
44818,29453417,False,False,0,0
448945,29493581,False,False,0,1
45123,21079152,False,False,0,0
45123,27577878,False,False,0,0
45123,29493581,False,False,0,0
451722,29469822,False,False,0,1
451722,30859559,False,False,0,0
451722,33407364,False,False,0,1
451722,36493725,False,False,0,1
452620,31573083,False,False,0,0
45345,21387466,False,True,1,1
45345,24451042,False,False,1,0
45345,24803665,False,False,1,0
45345,29493581,False,False,0,0
45345,30039904,False,True,1,1
45345,30541462,False,False,1,0
45348,20683980,False,False,3,0
45348,21387466,False,False,0,0
45348,25712082,False,False,1,0
45348,29493581,False,False,2,0
45366,27763634,False,False,0,0
45374,29493581,False,False,0,0
45379,17143285,False,False,3,0
45379,17586837,False,False,1,0
45379,18651097,False,False,1,0
4698285,31974414,False,False,0,0
477721,19953625,False,False,0,0
477721,32981126,False,False,0,0
477722,22589294,False,False,0,0
477722,27153395,False,False,0,0
488877,24362817,False,False,0,1
488877,25335493,False,False,0,1
488877,25795793,False,False,0,1
488877,30006736,False,False,0,0
488877,30368668,False,False,0,1
488877,30481304,False,False,0,0
488877,33413596,False,False,0,1
496303,17586837,False,False,0,1
496303,18651097,False,False,0,1
496303,29907801,False,False,0,1
496311,29907801,False,False,0,1
496312,21387466,False,False,0,0
496312,22253195,False,False,0,0
496312,23756559,False,False,0,0
496312,25712082,False,False,1,0
496312,29554876,False,False,0,0
496312,31368652,False,False,0,0
496312,37217689,False,False,0,0
496475,29907801,False,False,0,0
505022,34184824,False,False,0,0
522799,29469822,False,False,0,0
522799,30442762,False,False,1,0
522800,29469822,False,False,4,0
522800,32623905,False,False,3,0
543999,29493581,False,False,0,0
546216,24362817,False,False,0,1
546216,36307859,False,False,0,1
546216,37936555,False,False,0,1
549751,30859559,False,False,0,0
549753,30859559,False,False,0,0
549756,30859559,False,False,0,1
55793,28512244,False,False,1,0
55793,29493581,False,False,1,0
55793,33726816,False,False,0,0
55797,11992261,False,False,0,0
55797,18701506,False,False,0,0
55797,27959697,False,False,0,0
55797,29907801,False,False,0,0
55797,30375388,False,False,2,0
55797,31130284,False,False,0,0
561347,29493581,False,False,0,0
561347,31219622,False,False,0,0
561500,15940693,False,False,0,0
561501,12634870,False,False,0,0
561501,15985475,False,False,0,0
561512,25480913,False,False,0,0
561621,26714497,False,False,1,0
561681,23791108,False,False,0,0
561681,24939608,False,False,0,0
561681,27109146,False,False,0,0
561681,29734338,False,False,1,0
561681,30293990,False,False,0,0
561681,30712878,False,False,0,0
561681,32304219,False,False,0,0
561681,34306696,False,False,0,0
561683,18948947,False,False,0,1
561683,24362817,False,False,0,1
561683,29409008,False,False,0,2
561683,39062695,False,False,0,2
561716,30368668,False,False,1,0
561716,33258288,False,False,0,0
561963,37838930,False,False,0,0
573141,29907801,False,False,0,0
575203,22253195,False,False,0,0
575203,23756559,False,False,0,0
575203,28074573,False,False,2,0
577079,26173643,False,False,1,0
581105,26518681,False,False,0,0
581105,27101134,False,False,0,0
591599,34346503,False,False,1,0
599030,24362817,False,False,0,0
599030,25335493,False,False,0,0
599030,25480913,False,False,0,0
599030,25795793,False,False,0,0
599030,29469822,False,False,0,1
599030,30006736,False,False,0,0
599030,30368668,False,False,0,0
599030,30442762,False,False,0,0
599030,30442766,False,False,0,0
599030,30481304,False,False,0,0
599030,30859559,False,False,0,0
599032,29469822,False,False,0,0
60506,23791108,False,False,1,0
60506,24901346,False,False,0,0
60506,25049390,False,False,1,0
60506,25124994,False,False,0,0
60506,25959749,False,False,1,0
60506,26714497,False,False,0,0
60506,27226556,False,False,1,0
60509,23791108,False,False,4,0
60509,24939608,False,False,0,0
60509,25049390,False,False,1,0
60509,25124994,False,False,0,0
60509,26714497,False,False,0,0
60509,26757980,False,False,0,0
60509,27101134,False,False,0,0
60509,27109146,False,False,0,0
60509,27226556,False,False,1,0
620625,22495831,False,False,0,2
623975,25480913,False,False,0,0
623976,25335493,False,False,0,0
623976,29409008,False,False,0,0
623976,32004086,False,False,0,0
623976,32575496,False,False,0,0
623976,34958143,False,False,0,0
634826,30564305,False,False,0,0
635756,29469822,False,False,0,0
635756,30481304,False,False,2,0
636262,17586837,False,False,0,0
636262,20673819,False,False,0,0
636262,29493581,False,False,0,0
636620,29409008,False,False,0,1
636620,30442762,False,False,0,1
636620,36360262,False,False,0,1
636792,31533111,False,False,0,1
636792,38333672,False,False,0,1
636792,39062695,False,False,0,1
666272,29493581,False,False,0,0
6821,19684605,False,False,5,0
6821,20882035,False,False,0,0
6821,21548061,False,False,1,0
6821,22419608,False,False,1,0
6821,22528146,False,False,0,0
6821,22606262,False,False,1,0
6821,22995099,False,False,0,0
6821,23918763,False,False,0,0
6821,24458587,False,False,0,0
6821,25123707,False,False,0,0
6821,25331583,False,False,0,0
6821,25563136,False,False,0,0
6821,29493581,False,False,1,0
684626,26173643,False,False,3,0
684626,27942422,False,False,0,0
684626,32788663,False,False,0,0
692086,29469822,False,False,0,0
700123,29907801,False,False,0,1
73058,22718121,False,False,1,0
73058,26821351,False,False,0,0
804174,32112654,False,False,1,0
809328,25335493,False,False,0,1
809328,27921248,False,False,0,0
809328,30368668,False,False,0,0
809328,30481304,False,False,0,0
809328,39062695,False,False,0,0
809328,39140257,False,False,0,0
809337,29469822,False,False,0,0
809337,35979676,False,False,0,0
8272,16439621,False,False,1,0
8274,18042262,False,False,0,0
8274,18456719,False,False,0,0
8274,27763634,False,False,0,0
8274,30867592,False,False,1,0
837201,33128510,False,False,0,0
838860,33249554,False,False,0,0
850519,25049390,False,False,0,1
850519,26714497,False,False,0,1
852048,25049390,False,False,0,1
852241,24451042,False,False,0,0
855590,34626534,False,False,0,0
860864,29907801,False,False,0,1
872339,25335493,False,False,2,0
872339,28295212,False,False,2,0
917678,25335493,False,False,0,1
928713,32041611,False,False,0,1
928950,25795793,False,False,0,1
930614,38413718,False,False,0,0
956230,30664951,False,False,0,1
956230,38178226,False,False,0,2
961729,25480913,False,False,0,0
961729,35638454,False,False,0,0
965322,29907801,False,False,0,2
968299,24448499,False,False,0,1
968299,28017249,False,False,0,1
973830,16199547,False,False,0,0
973830,24362817,False,False,0,0
973830,25335493,False,False,0,0
973830,25480913,False,False,0,0
973830,29469822,False,False,0,0
973830,30442762,False,False,0,0
973830,30859559,False,False,0,0
973830,33084842,False,False,0,1
978848,11992261,False,False,0,1
978848,20301303,False,False,0,1
978848,21533187,False,False,0,1
978848,24451042,False,False,0,1
978848,24935154,False,False,0,1
978848,26833328,False,False,0,1
978848,34136434,False,False,0,1
981537,35278234,False,False,0,0
981554,18456719,False,False,0,0
981554,33128510,False,False,0,0
981559,17143282,False,False,0,0
981559,23885229,False,False,0,0
981608,29907801,False,False,0,1
981608,30417923,False,False,0,1
982429,37847107,False,False,0,0
992477,28749478,False,False,0,1
992477,30859559,False,False,0,1
992477,34645488,False,False,0,0
992477,35726512,False,False,0,0
